"","IP","X_","audio","a.u.d.i.o.","condition","experimentName","item","response1","response1_time","sound1","time","trialnumber","userCode","userFileName","view","X..a.u.d.i.o."
"1","62.176.19.146",1418391839438,"undefined","","","HSElist3Dec12","","",NA,NA,NA,1,"WOQ1",1,"undefined",""
"2","62.176.19.146",1418391840372,"undefined","","","HSElist3Dec12","","",NA,NA,NA,2,"WOQ1",1,"undefined",""
"3","87.245.155.220",1418396198530,"undefined","","","HSElist3Dec12","","",NA,NA,NA,1,"FFT2",2,"undefined",""
"4","87.245.155.220",1418396224164,"undefined","","","HSElist3Dec12","","",NA,NA,NA,2,"FFT2",2,"undefined",""
"5","87.245.155.220",1418396236298,"undefined","","","HSElist3Dec12","","",NA,1,NA,3,"FFT2",2,"undefined",""
"6","87.245.155.220",1418396246797,"undefined","","","HSElist3Dec12","","Ошибка!",4967,1,NA,4,"FFT2",2,"undefined",""
"7","87.245.155.220",1418396257040,"undefined","","","HSElist3Dec12","","Ошибка!",4521,1,NA,5,"FFT2",2,"undefined",""
"8","87.245.155.220",1418396269669,"undefined","","","HSElist3Dec12","","Ошибка!",8809,1,NA,6,"FFT2",2,"undefined",""
"9","87.245.155.220",1418396280093,"undefined","","","HSElist3Dec12","","Ошибка!",4121,1,NA,7,"FFT2",2,"undefined",""
"10","87.245.155.220",1418396294627,"1_3_fill","","M_Pauc","HSElist3Dec12","fill","",NA,1,NA,9,"FFT2",2,"stimulus.ejs",""
"11","87.245.155.220",1418396308073,"2_3_exp","","M_Pl","HSElist3Dec12","exp","Ошибка!",3703,1,NA,10,"FFT2",2,"stimulus.ejs",""
"12","87.245.155.220",1418396329384,"3_3_exp","","NM_Sg","HSElist3Dec12","exp","Ошибка!",7175,1,NA,11,"FFT2",2,"stimulus.ejs",""
"13","87.245.155.220",1418396340607,"4_3_fill","","M_Pl","HSElist3Dec12","fill","Ошибка!",8568,1,NA,12,"FFT2",2,"stimulus.ejs",""
"14","87.245.155.220",1418396356537,"5_3_exp","","M_Sg","HSElist3Dec12","exp","",NA,1,NA,13,"FFT2",2,"stimulus.ejs",""
"15","87.245.155.220",1418396398844,"undefined","","","HSElist3Dec12","","",NA,NA,NA,1,"NPE3",3,"undefined",""
"16","87.245.155.220",1418396400812,"undefined","","","HSElist3Dec12","","",NA,NA,NA,2,"NPE3",3,"undefined",""
"17","87.245.155.220",1418396410947,"undefined","","","HSElist3Dec12","","",NA,1,NA,3,"NPE3",3,"undefined",""
"18","87.245.155.220",1418396420909,"undefined","","","HSElist3Dec12","","Ошибка!",3597,1,NA,4,"NPE3",3,"undefined",""
"19","87.245.155.220",1418396430639,"undefined","","","HSElist3Dec12","","Ошибка!",4865,1,NA,5,"NPE3",3,"undefined",""
"20","87.245.155.220",1418396442762,"undefined","","","HSElist3Dec12","","Ошибка!",8106,1,NA,6,"NPE3",3,"undefined",""
"21","87.245.155.220",1418396452757,"undefined","","","HSElist3Dec12","","Ошибка!",3367,1,NA,7,"NPE3",3,"undefined",""
"22","87.245.155.220",1418396465769,"1_3_fill","","M_Pauc","HSElist3Dec12","fill","",NA,1,NA,9,"NPE3",3,"stimulus.ejs",""
"23","87.245.155.220",1418396477682,"2_3_exp","","M_Pl","HSElist3Dec12","exp","",NA,1,NA,10,"NPE3",3,"stimulus.ejs",""
"24","87.245.155.220",1418396489426,"3_3_exp","","NM_Sg","HSElist3Dec12","exp","Ошибка!",5473,1,NA,11,"NPE3",3,"stimulus.ejs",""
"25","87.245.155.220",1418396499581,"4_3_fill","","M_Pl","HSElist3Dec12","fill","Ошибка!",5477,1,NA,12,"NPE3",3,"stimulus.ejs",""
"26","87.245.155.220",1418396513865,"5_3_exp","","M_Sg","HSElist3Dec12","exp","Ошибка!",6293,1,NA,13,"NPE3",3,"stimulus.ejs",""
"27","87.245.155.220",1418396524528,"6_3_fill","","NM_Pl","HSElist3Dec12","fill","Ошибка!",5044,1,NA,14,"NPE3",3,"stimulus.ejs",""
"28","87.245.155.220",1418396535257,"7_3_fill","","NM_Pauc","HSElist3Dec12","fill","Ошибка!",4575,1,NA,15,"NPE3",3,"stimulus.ejs",""
"29","87.245.155.220",1418396546308,"8_3_exp","","NM_Pl","HSElist3Dec12","exp","Ошибка!",4491,1,NA,16,"NPE3",3,"stimulus.ejs",""
"30","87.245.155.220",1418394278529,"undefined","","","HSElist3Dec12","","",NA,NA,NA,1,"IZI4",4,"undefined",""
"31","87.245.155.220",1418394281955,"undefined","","","HSElist3Dec12","","",NA,NA,NA,2,"IZI4",4,"undefined",""
"32","87.245.155.220",1418394294043,"undefined","","","HSElist3Dec12","","",NA,1,NA,3,"IZI4",4,"undefined",""
"33","87.245.155.220",1418394305936,"undefined","","","HSElist3Dec12","","",NA,1,NA,4,"IZI4",4,"undefined",""
"34","85.65.49.121",1418409530143,"undefined","","","HSElist3Dec12","","",NA,NA,NA,1,"MSK5",5,"undefined",""
"35","85.65.49.121",1418409595492,"undefined","","","HSElist3Dec12","","",NA,NA,NA,2,"MSK5",5,"undefined",""
"36","85.65.49.121",1418409610462,"undefined","","","HSElist3Dec12","","",NA,1,NA,3,"MSK5",5,"undefined",""
"37","85.65.49.121",1418409623932,"undefined","","","HSElist3Dec12","","",NA,1,NA,4,"MSK5",5,"undefined",""
"38","85.65.49.121",1418409635179,"undefined","","","HSElist3Dec12","","",NA,1,NA,5,"MSK5",5,"undefined",""
"39","85.65.49.121",1418409649774,"undefined","","","HSElist3Dec12","","Ошибка!",8936,1,NA,6,"MSK5",5,"undefined",""
"40","85.65.49.121",1418409659762,"undefined","","","HSElist3Dec12","","",NA,1,NA,7,"MSK5",5,"undefined",""
"41","85.65.49.121",1418409674783,"1_3_fill","","M_Pauc","HSElist3Dec12","fill","",NA,1,NA,9,"MSK5",5,"stimulus.ejs",""
"42","85.65.49.121",1418409685693,"2_3_exp","","M_Pl","HSElist3Dec12","exp","Ошибка!",8267,1,NA,10,"MSK5",5,"stimulus.ejs",""
"43","85.65.49.121",1418409697932,"3_3_exp","","NM_Sg","HSElist3Dec12","exp","Ошибка!",6641,1,NA,11,"MSK5",5,"stimulus.ejs",""
"44","85.65.49.121",1418409727188,"undefined","","","HSElist3Dec12","","",NA,NA,NA,1,"ANJ6",6,"undefined",""
"45","85.65.49.121",1418409728215,"undefined","","","HSElist3Dec12","","",NA,NA,NA,2,"ANJ6",6,"undefined",""
"46","85.65.49.121",1418409737323,"undefined","","","HSElist3Dec12","","",NA,1,NA,3,"ANJ6",6,"undefined",""
"47","85.65.49.121",1418409748299,"undefined","","","HSElist3Dec12","","Ошибка!",7299,1,NA,4,"ANJ6",6,"undefined",""
"48","85.65.49.121",1418409757521,"undefined","","","HSElist3Dec12","","",NA,1,NA,5,"ANJ6",6,"undefined",""
"49","85.65.49.121",1418409770132,"undefined","","","HSElist3Dec12","","Ошибка!",8497,1,NA,6,"ANJ6",6,"undefined",""
"50","85.65.49.121",1418409809146,"undefined","","","HSElist3Dec12","","Ошибка!",5157,1,NA,7,"ANJ6",6,"undefined",""
"51","85.65.49.121",1418409822683,"1_3_fill","","M_Pauc","HSElist3Dec12","fill","",NA,1,NA,9,"ANJ6",6,"stimulus.ejs",""
"52","85.65.49.121",1418409834101,"2_3_exp","","M_Pl","HSElist3Dec12","exp","",NA,1,NA,10,"ANJ6",6,"stimulus.ejs",""
"53","85.65.49.121",1418409845342,"3_3_exp","","NM_Sg","HSElist3Dec12","exp","Ошибка!",8270,1,NA,11,"ANJ6",6,"stimulus.ejs",""
"54","85.65.49.121",1418409856022,"4_3_fill","","M_Pl","HSElist3Dec12","fill","",NA,1,NA,12,"ANJ6",6,"stimulus.ejs",""
"55","85.65.49.121",1418409867791,"5_3_exp","","M_Sg","HSElist3Dec12","exp","",NA,1,NA,13,"ANJ6",6,"stimulus.ejs",""
"56","85.65.49.121",1418409877941,"6_3_fill","","NM_Pl","HSElist3Dec12","fill","Ошибка!",7199,1,NA,14,"ANJ6",6,"stimulus.ejs",""
"57","85.65.49.121",1418409888183,"7_3_fill","","NM_Pauc","HSElist3Dec12","fill","",NA,1,NA,15,"ANJ6",6,"stimulus.ejs",""
"58","85.65.49.121",1418409902233,"8_3_exp","","NM_Pl","HSElist3Dec12","exp","Ошибка!",8711,1,NA,16,"ANJ6",6,"stimulus.ejs",""
"59","85.65.49.121",1418409914601,"9_3_exp","","M_Pl","HSElist3Dec12","exp","",NA,1,NA,17,"ANJ6",6,"stimulus.ejs",""
"60","85.65.49.121",1418409925731,"10_3_fill","","NM_Pl","HSElist3Dec12","fill","Ошибка!",8240,1,NA,18,"ANJ6",6,"stimulus.ejs",""
"61","85.65.49.121",1418409937273,"11_3_exp","","NM_Sg","HSElist3Dec12","exp","Ошибка!",8864,1,NA,19,"ANJ6",6,"stimulus.ejs",""
"62","85.65.49.121",1418409948392,"12_3_fill","","M_Pauc","HSElist3Dec12","fill","",NA,1,NA,20,"ANJ6",6,"stimulus.ejs",""
"63","85.65.49.121",1418409958401,"13_3_fill","","M_Pl","HSElist3Dec12","fill","",NA,1,NA,21,"ANJ6",6,"stimulus.ejs",""
"64","85.65.49.121",1418409970560,"14_3_exp","","M_Sg","HSElist3Dec12","exp","",NA,1,NA,22,"ANJ6",6,"stimulus.ejs",""
"65","85.65.49.121",1418409982991,"15_3_exp","","NM_Pl","HSElist3Dec12","exp","Ошибка!",7900,1,NA,23,"ANJ6",6,"stimulus.ejs",""
"66","85.65.49.121",1418409994131,"16_3_fill","","M_Pauc","HSElist3Dec12","fill","",NA,1,NA,24,"ANJ6",6,"stimulus.ejs",""
"67","85.65.49.121",1418410006182,"17_3_exp","","M_Pl","HSElist3Dec12","exp","",NA,1,NA,25,"ANJ6",6,"stimulus.ejs",""
"68","85.65.49.121",1418410015871,"18_3_fill","","NM_Pauc","HSElist3Dec12","fill","",NA,1,NA,26,"ANJ6",6,"stimulus.ejs",""
"69","85.65.49.121",1418410028451,"19_3_fill","","NM_Pl","HSElist3Dec12","fill","Ошибка!",6489,1,NA,27,"ANJ6",6,"stimulus.ejs",""
"70","85.65.49.121",1418410042310,"20_3_exp","","NM_Sg","HSElist3Dec12","exp","Ошибка!",7883,1,NA,28,"ANJ6",6,"stimulus.ejs",""
"71","85.65.49.121",1418410057551,"21_3_exp","","M_Sg","HSElist3Dec12","exp","",NA,1,NA,29,"ANJ6",6,"stimulus.ejs",""
"72","85.65.49.121",1418410067972,"22_3_fill","","NM_Pauc","HSElist3Dec12","fill","",NA,1,NA,30,"ANJ6",6,"stimulus.ejs",""
"73","85.65.49.121",1418410083924,"23_3_exp","","NM_Pl","HSElist3Dec12","exp","Ошибка!",8680,1,NA,31,"ANJ6",6,"stimulus.ejs",""
"74","85.65.49.121",1418410094124,"24_3_fill","","M_Pl","HSElist3Dec12","fill","",NA,1,NA,32,"ANJ6",6,"stimulus.ejs",""
"75","85.65.49.121",1418410105753,"25_3_fill","","M_Pauc","HSElist3Dec12","fill","",NA,1,NA,33,"ANJ6",6,"stimulus.ejs",""
"76","85.65.49.121",1418410116553,"26_3_exp","","M_Pl","HSElist3Dec12","exp","",NA,1,NA,34,"ANJ6",6,"stimulus.ejs",""
"77","85.65.49.121",1418410128343,"27_3_exp","","NM_Sg","HSElist3Dec12","exp","Ошибка!",8485,1,NA,35,"ANJ6",6,"stimulus.ejs",""
"78","85.65.49.121",1418410139104,"28_3_fill","","M_Pl","HSElist3Dec12","fill","",NA,1,NA,36,"ANJ6",6,"stimulus.ejs",""
"79","85.65.49.121",1418410150310,"29_3_exp","","M_Sg","HSElist3Dec12","exp","",NA,1,NA,37,"ANJ6",6,"stimulus.ejs",""
"80","85.65.49.121",1418410161339,"30_3_fill","","NM_Pl","HSElist3Dec12","fill","Ошибка!",7453,1,NA,38,"ANJ6",6,"stimulus.ejs",""
"81","85.65.49.121",1418410171164,"31_3_fill","","NM_Pauc","HSElist3Dec12","fill","",NA,1,NA,39,"ANJ6",6,"stimulus.ejs",""
"82","85.65.49.121",1418410184174,"32_3_exp","","NM_Pl","HSElist3Dec12","exp","Ошибка!",6487,1,NA,40,"ANJ6",6,"stimulus.ejs",""
"83","85.65.49.121",1418410195244,"33_3_exp","","M_Pl","HSElist3Dec12","exp","",NA,1,NA,41,"ANJ6",6,"stimulus.ejs",""
"84","85.65.49.121",1418410205622,"34_3_fill","","NM_Pl","HSElist3Dec12","fill","Ошибка!",7244,1,NA,42,"ANJ6",6,"stimulus.ejs",""
"85","85.65.49.121",1418410250941,"35_3_exp","","NM_Sg","HSElist3Dec12","exp","Ошибка!",7937,1,NA,43,"ANJ6",6,"stimulus.ejs",""
"86","85.65.49.121",1418410262093,"36_3_fill","","M_Pauc","HSElist3Dec12","fill","",NA,1,NA,44,"ANJ6",6,"stimulus.ejs",""
"87","85.65.49.121",1418410272211,"37_3_fill","","M_Pl","HSElist3Dec12","fill","",NA,1,NA,45,"ANJ6",6,"stimulus.ejs",""
"88","85.65.49.121",1418410283011,"38_3_exp","","M_Sg","HSElist3Dec12","exp","",NA,1,NA,46,"ANJ6",6,"stimulus.ejs",""
"89","85.65.49.121",1418410294691,"39_3_exp","","NM_Pl","HSElist3Dec12","exp","Ошибка!",8229,1,NA,47,"ANJ6",6,"stimulus.ejs",""
"90","85.65.49.121",1418410304653,"40_3_fill","","M_Pauc","HSElist3Dec12","fill","",NA,1,NA,48,"ANJ6",6,"stimulus.ejs",""
"91","85.65.49.121",1418410316472,"41_3_exp","","M_Pl","HSElist3Dec12","exp","",NA,1,NA,49,"ANJ6",6,"stimulus.ejs",""
"92","85.65.49.121",1418410326593,"42_3_fill","","NM_Pauc","HSElist3Dec12","fill","Ошибка!",7307,1,NA,50,"ANJ6",6,"stimulus.ejs",""
"93","85.65.49.121",1418410338415,"43_3_fill","","NM_Pl","HSElist3Dec12","fill","Ошибка!",4922,1,NA,51,"ANJ6",6,"stimulus.ejs",""
"94","85.65.49.121",1418410353953,"44_3_exp","","NM_Sg","HSElist3Dec12","exp","Ошибка!",6088,1,NA,52,"ANJ6",6,"stimulus.ejs",""
"95","85.65.49.121",1418410365653,"45_3_exp","","M_Sg","HSElist3Dec12","exp","",NA,1,NA,53,"ANJ6",6,"stimulus.ejs",""
"96","85.65.49.121",1418410375804,"46_3_fill","","NM_Pauc","HSElist3Dec12","fill","Ошибка!",6828,1,NA,54,"ANJ6",6,"stimulus.ejs",""
"97","85.65.49.121",1418410386643,"47_3_exp","","NM_Pl","HSElist3Dec12","exp","Ошибка!",5890,1,NA,55,"ANJ6",6,"stimulus.ejs",""
"98","85.65.49.121",1418410400260,"48_3_fill","","M_Pl","HSElist3Dec12","fill","",NA,1,NA,56,"ANJ6",6,"stimulus.ejs",""
"99","85.65.49.121",1418410409583,"49_3_fill","","M_Pauc","HSElist3Dec12","fill","",NA,1,NA,57,"ANJ6",6,"stimulus.ejs",""
"100","85.65.49.121",1418410421933,"50_3_exp","","M_Pl","HSElist3Dec12","exp","",NA,1,NA,58,"ANJ6",6,"stimulus.ejs",""
"101","85.65.49.121",1418410433171,"51_3_exp","","NM_Sg","HSElist3Dec12","exp","Ошибка!",8454,1,NA,59,"ANJ6",6,"stimulus.ejs",""
"102","85.65.49.121",1418410442603,"52_3_fill","","M_Pl","HSElist3Dec12","fill","Ошибка!",6770,1,NA,60,"ANJ6",6,"stimulus.ejs",""
"103","85.65.49.121",1418410454056,"53_3_exp","","M_Sg","HSElist3Dec12","exp","",NA,1,NA,61,"ANJ6",6,"stimulus.ejs",""
"104","85.65.49.121",1418410463403,"54_3_fill","","NM_Pl","HSElist3Dec12","fill","Ошибка!",5032,1,NA,62,"ANJ6",6,"stimulus.ejs",""
"105","85.65.49.121",1418410473605,"55_3_fill","","NM_Pauc","HSElist3Dec12","fill","",NA,1,NA,63,"ANJ6",6,"stimulus.ejs",""
"106","85.65.49.121",1418410485353,"56_3_exp","","NM_Pl","HSElist3Dec12","exp","",NA,1,NA,64,"ANJ6",6,"stimulus.ejs",""
"107","85.65.49.121",1418410495912,"57_3_exp","","M_Pl","HSElist3Dec12","exp","",NA,1,NA,65,"ANJ6",6,"stimulus.ejs",""
"108","85.65.49.121",1418410505761,"58_3_fill","","NM_Pl","HSElist3Dec12","fill","Ошибка!",5392,1,NA,66,"ANJ6",6,"stimulus.ejs",""
"109","85.65.49.121",1418410518589,"59_3_exp","","NM_Sg","HSElist3Dec12","exp","Ошибка!",6163,1,NA,67,"ANJ6",6,"stimulus.ejs",""
"110","85.65.49.121",1418410528031,"60_3_fill","","M_Pauc","HSElist3Dec12","fill","",NA,1,NA,68,"ANJ6",6,"stimulus.ejs",""
"111","85.65.49.121",1418410538502,"61_3_fill","","M_Pl","HSElist3Dec12","fill","",NA,1,NA,69,"ANJ6",6,"stimulus.ejs",""
"112","85.65.49.121",1418410549162,"62_3_exp","","M_Sg","HSElist3Dec12","exp","",NA,1,NA,70,"ANJ6",6,"stimulus.ejs",""
"113","85.65.49.121",1418410560123,"63_3_exp","","NM_Pl","HSElist3Dec12","exp","Ошибка!",6043,1,NA,71,"ANJ6",6,"stimulus.ejs",""
"114","85.65.49.121",1418410570155,"64_3_fill","","NM_Pauc","HSElist3Dec12","fill","Ошибка!",4887,1,NA,72,"ANJ6",6,"stimulus.ejs",""
"115","85.65.49.121",1418410580344,"65_3_exp","","M_Pl","HSElist3Dec12","exp","",NA,1,NA,73,"ANJ6",6,"stimulus.ejs",""
"116","147.8.245.73",1418422375293,"undefined","","","HSElist3Dec12","","",NA,NA,NA,1,"RSQ7",7,"undefined",""
"117","147.8.245.73",1418422382146,"undefined","","","HSElist3Dec12","","",NA,NA,NA,2,"RSQ7",7,"undefined",""
"118","147.8.245.73",1418422393612,"undefined","","","HSElist3Dec12","","",NA,1,NA,3,"RSQ7",7,"undefined",""
"119","147.8.245.73",1418422405361,"undefined","","","HSElist3Dec12","","Ошибка!",2744,1,NA,4,"RSQ7",7,"undefined",""
"120","147.8.245.73",1418422414671,"undefined","","","HSElist3Dec12","","Ошибка!",2683,1,NA,5,"RSQ7",7,"undefined",""
"121","147.8.245.73",1418422534961,"undefined","","","HSElist3Dec12","","",NA,NA,NA,1,"SWD8",8,"undefined",""
"122","147.8.245.73",1418422764744,"undefined","","","HSElist3Dec12","","",NA,NA,NA,2,"SWD8",8,"undefined",""
"123","147.8.245.73",1418422776369,"undefined","","","HSElist3Dec12","","",NA,1,NA,3,"SWD8",8,"undefined",""
"124","147.8.245.73",1418422785702,"undefined","","","HSElist3Dec12","","",NA,1,NA,4,"SWD8",8,"undefined",""
"125","147.8.245.73",1418422798217,"undefined","","","HSElist3Dec12","","Ошибка!",3129,1,NA,5,"SWD8",8,"undefined",""
"126","147.8.245.73",1418422810222,"undefined","","","HSElist3Dec12","","",NA,1,NA,6,"SWD8",8,"undefined",""
"127","94.127.223.220",1418499639628,"undefined","","","HSElist3Dec12","","",NA,NA,NA,1,"UZI9",9,"undefined",""
"128","94.127.223.220",1418499646987,"undefined","","","HSElist3Dec12","","",NA,NA,NA,2,"UZI9",9,"undefined",""
"129","94.127.223.220",1418499659951,"undefined","","","HSElist3Dec12","","Ошибка!",4077,1,NA,3,"UZI9",9,"undefined",""
"130","46.73.237.246",1418658565597,"undefined","","","HSElist3Dec12","","",NA,NA,NA,1,"QND10",10,"undefined",""
"131","46.73.237.246",1418658599852,"undefined","","","HSElist3Dec12","","",NA,NA,NA,2,"QND10",10,"undefined",""
"132","46.73.237.246",1418658614641,"undefined","","","HSElist3Dec12","","",NA,1,NA,3,"QND10",10,"undefined",""
"133","46.73.237.246",1418658627197,"undefined","","","HSElist3Dec12","","",NA,1,NA,4,"QND10",10,"undefined",""
"134","46.73.237.246",1418658636995,"undefined","","","HSElist3Dec12","","",NA,1,NA,5,"QND10",10,"undefined",""
"135","46.73.237.246",1418658654275,"undefined","","","HSElist3Dec12","","",NA,1,NA,6,"QND10",10,"undefined",""
"136","37.204.67.199",1419371147881,"undefined","","","HSElist3Dec12","","",NA,NA,NA,1,"VAJ11",11,"undefined",""
"137","37.204.67.199",1419371180703,"undefined","","","HSElist3Dec12","","",NA,NA,NA,2,"VAJ11",11,"undefined",""
"138","37.204.67.199",1419371241442,"undefined","","","HSElist3Dec12","","",NA,NA,NA,1,"OAP12",12,"undefined",""
"139","37.204.67.199",1419371242378,"undefined","","","HSElist3Dec12","","",NA,NA,NA,2,"OAP12",12,"undefined",""
"140","37.204.67.199",1419371953942,"undefined","","","HSElist3Dec12","","",NA,NA,NA,1,"XXL13",13,"undefined",""
"141","37.204.67.199",1419371958936,"undefined","","","HSElist3Dec12","","",NA,NA,NA,2,"XXL13",13,"undefined",""
"142","62.176.19.146",1419438442526,"undefined","","","HSElist3Dec12","","",NA,NA,NA,1,"GRQ14",14,"undefined",""
"143","62.176.19.146",1419438443415,"undefined","","","HSElist3Dec12","","",NA,NA,NA,2,"GRQ14",14,"undefined",""
"144","62.176.19.146",1419438452227,"undefined","","","HSElist3Dec12","","",NA,1,NA,3,"GRQ14",14,"undefined",""
"145","62.176.19.146",1419438461913,"undefined","","","HSElist3Dec12","","",NA,1,NA,4,"GRQ14",14,"undefined",""
"146","62.176.19.146",1419438470564,"undefined","","","HSElist3Dec12","","",NA,1,NA,5,"GRQ14",14,"undefined",""
"147","62.176.19.146",1419438482356,"undefined","","","HSElist3Dec12","","",NA,1,NA,6,"GRQ14",14,"undefined",""
"148","62.176.19.146",1419438490927,"undefined","","","HSElist3Dec12","","",NA,1,NA,7,"GRQ14",14,"undefined",""
"149","62.176.19.146",1419438502001,"1_3_fill","","M_Pauc","HSElist3Dec12","fill","",NA,1,NA,9,"GRQ14",14,"stimulus.ejs",""
"150","62.176.19.146",1419438512801,"2_3_exp","","M_Pl","HSElist3Dec12","exp","",NA,1,NA,10,"GRQ14",14,"stimulus.ejs",""
"151","62.176.19.146",1419438524203,"3_3_exp","","NM_Sg","HSElist3Dec12","exp","",NA,1,NA,11,"GRQ14",14,"stimulus.ejs",""
"152","62.176.19.146",1419438534236,"4_3_fill","","M_Pl","HSElist3Dec12","fill","",NA,1,NA,12,"GRQ14",14,"stimulus.ejs",""
"153","62.176.19.146",1419438545466,"5_3_exp","","M_Sg","HSElist3Dec12","exp","",NA,1,NA,13,"GRQ14",14,"stimulus.ejs",""
"154","62.176.19.146",1419438555240,"6_3_fill","","NM_Pl","HSElist3Dec12","fill","",NA,1,NA,14,"GRQ14",14,"stimulus.ejs",""
"155","62.176.19.146",1419438565376,"7_3_fill","","NM_Pauc","HSElist3Dec12","fill","",NA,1,NA,15,"GRQ14",14,"stimulus.ejs",""
"156","62.176.19.146",1419438576332,"8_3_exp","","NM_Pl","HSElist3Dec12","exp","",NA,1,NA,16,"GRQ14",14,"stimulus.ejs",""
"157","62.176.19.146",1419438587457,"9_3_exp","","M_Pl","HSElist3Dec12","exp","",NA,1,NA,17,"GRQ14",14,"stimulus.ejs",""
"158","62.176.19.146",1419438598718,"10_3_fill","","NM_Pl","HSElist3Dec12","fill","",NA,1,NA,18,"GRQ14",14,"stimulus.ejs",""
"159","62.176.19.146",1419438609888,"11_3_exp","","NM_Sg","HSElist3Dec12","exp","",NA,1,NA,19,"GRQ14",14,"stimulus.ejs",""
"160","62.176.19.146",1419438628777,"12_3_fill","","M_Pauc","HSElist3Dec12","fill","",NA,1,NA,20,"GRQ14",14,"stimulus.ejs",""
"161","62.176.19.146",1419438639014,"13_3_fill","","M_Pl","HSElist3Dec12","fill","",NA,1,NA,21,"GRQ14",14,"stimulus.ejs",""
"162","62.176.19.146",1419438650305,"14_3_exp","","M_Sg","HSElist3Dec12","exp","",NA,1,NA,22,"GRQ14",14,"stimulus.ejs",""
"163","62.176.19.146",1419438660943,"15_3_exp","","NM_Pl","HSElist3Dec12","exp","",NA,1,NA,23,"GRQ14",14,"stimulus.ejs",""
"164","62.176.19.146",1419438671577,"16_3_fill","","M_Pauc","HSElist3Dec12","fill","",NA,1,NA,24,"GRQ14",14,"stimulus.ejs",""
"165","62.176.19.146",1419438683410,"17_3_exp","","M_Pl","HSElist3Dec12","exp","",NA,1,NA,25,"GRQ14",14,"stimulus.ejs",""
"166","62.176.19.146",1419438692930,"18_3_fill","","NM_Pauc","HSElist3Dec12","fill","",NA,1,NA,26,"GRQ14",14,"stimulus.ejs",""
"167","62.176.19.146",1419438701986,"19_3_fill","","NM_Pl","HSElist3Dec12","fill","",NA,1,NA,27,"GRQ14",14,"stimulus.ejs",""
"168","62.176.19.146",1419438712973,"20_3_exp","","NM_Sg","HSElist3Dec12","exp","",NA,1,NA,28,"GRQ14",14,"stimulus.ejs",""
"169","62.176.19.146",1419438724377,"21_3_exp","","M_Sg","HSElist3Dec12","exp","",NA,1,NA,29,"GRQ14",14,"stimulus.ejs",""
"170","62.176.19.146",1419438733569,"22_3_fill","","NM_Pauc","HSElist3Dec12","fill","",NA,1,NA,30,"GRQ14",14,"stimulus.ejs",""
"171","62.176.19.146",1419438744550,"23_3_exp","","NM_Pl","HSElist3Dec12","exp","",NA,1,NA,31,"GRQ14",14,"stimulus.ejs",""
"172","62.176.19.146",1419438754019,"24_3_fill","","M_Pl","HSElist3Dec12","fill","",NA,1,NA,32,"GRQ14",14,"stimulus.ejs",""
"173","62.176.19.146",1419438763155,"25_3_fill","","M_Pauc","HSElist3Dec12","fill","",NA,1,NA,33,"GRQ14",14,"stimulus.ejs",""
"174","62.176.19.146",1419438774135,"26_3_exp","","M_Pl","HSElist3Dec12","exp","",NA,1,NA,34,"GRQ14",14,"stimulus.ejs",""
"175","62.176.19.146",1419438785770,"27_3_exp","","NM_Sg","HSElist3Dec12","exp","",NA,1,NA,35,"GRQ14",14,"stimulus.ejs",""
"176","62.176.19.146",1419438796168,"28_3_fill","","M_Pl","HSElist3Dec12","fill","",NA,1,NA,36,"GRQ14",14,"stimulus.ejs",""
"177","62.176.19.146",1419438806949,"29_3_exp","","M_Sg","HSElist3Dec12","exp","",NA,1,NA,37,"GRQ14",14,"stimulus.ejs",""
"178","62.176.19.146",1419438817560,"30_3_fill","","NM_Pl","HSElist3Dec12","fill","",NA,1,NA,38,"GRQ14",14,"stimulus.ejs",""
"179","62.176.19.146",1419438827096,"31_3_fill","","NM_Pauc","HSElist3Dec12","fill","",NA,1,NA,39,"GRQ14",14,"stimulus.ejs",""
"180","62.176.19.146",1419438838201,"32_3_exp","","NM_Pl","HSElist3Dec12","exp","",NA,1,NA,40,"GRQ14",14,"stimulus.ejs",""
"181","62.176.19.146",1419438849153,"33_3_exp","","M_Pl","HSElist3Dec12","exp","",NA,1,NA,41,"GRQ14",14,"stimulus.ejs",""
"182","62.176.19.146",1419438858906,"34_3_fill","","NM_Pl","HSElist3Dec12","fill","",NA,1,NA,42,"GRQ14",14,"stimulus.ejs",""
"183","62.176.19.146",1419438869595,"35_3_exp","","NM_Sg","HSElist3Dec12","exp","",NA,1,NA,43,"GRQ14",14,"stimulus.ejs",""
"184","62.176.19.146",1419438880298,"36_3_fill","","M_Pauc","HSElist3Dec12","fill","",NA,1,NA,44,"GRQ14",14,"stimulus.ejs",""
"185","62.176.19.146",1419438890749,"37_3_fill","","M_Pl","HSElist3Dec12","fill","",NA,1,NA,45,"GRQ14",14,"stimulus.ejs",""
"186","62.176.19.146",1419438901824,"38_3_exp","","M_Sg","HSElist3Dec12","exp","",NA,1,NA,46,"GRQ14",14,"stimulus.ejs",""
"187","62.176.19.146",1419438913296,"39_3_exp","","NM_Pl","HSElist3Dec12","exp","",NA,1,NA,47,"GRQ14",14,"stimulus.ejs",""
"188","62.176.19.146",1419438922910,"40_3_fill","","M_Pauc","HSElist3Dec12","fill","",NA,1,NA,48,"GRQ14",14,"stimulus.ejs",""
"189","62.176.19.146",1419438934243,"41_3_exp","","M_Pl","HSElist3Dec12","exp","",NA,1,NA,49,"GRQ14",14,"stimulus.ejs",""
"190","62.176.19.146",1419438944317,"42_3_fill","","NM_Pauc","HSElist3Dec12","fill","",NA,1,NA,50,"GRQ14",14,"stimulus.ejs",""
"191","62.176.19.146",1419438954505,"43_3_fill","","NM_Pl","HSElist3Dec12","fill","",NA,1,NA,51,"GRQ14",14,"stimulus.ejs",""
"192","62.176.19.146",1419438964728,"44_3_exp","","NM_Sg","HSElist3Dec12","exp","",NA,1,NA,52,"GRQ14",14,"stimulus.ejs",""
"193","62.176.19.146",1419438977664,"45_3_exp","","M_Sg","HSElist3Dec12","exp","",NA,1,NA,53,"GRQ14",14,"stimulus.ejs",""
"194","62.176.19.146",1419438987856,"46_3_fill","","NM_Pauc","HSElist3Dec12","fill","",NA,1,NA,54,"GRQ14",14,"stimulus.ejs",""
"195","62.176.19.146",1419438999481,"47_3_exp","","NM_Pl","HSElist3Dec12","exp","",NA,1,NA,55,"GRQ14",14,"stimulus.ejs",""
"196","62.176.19.146",1419439009070,"48_3_fill","","M_Pl","HSElist3Dec12","fill","",NA,1,NA,56,"GRQ14",14,"stimulus.ejs",""
"197","62.176.19.146",1419439019112,"49_3_fill","","M_Pauc","HSElist3Dec12","fill","",NA,1,NA,57,"GRQ14",14,"stimulus.ejs",""
"198","62.176.19.146",1419439030478,"50_3_exp","","M_Pl","HSElist3Dec12","exp","",NA,1,NA,58,"GRQ14",14,"stimulus.ejs",""
"199","62.176.19.146",1419439044050,"51_3_exp","","NM_Sg","HSElist3Dec12","exp","",NA,1,NA,59,"GRQ14",14,"stimulus.ejs",""
"200","62.176.19.146",1419439053523,"52_3_fill","","M_Pl","HSElist3Dec12","fill","",NA,1,NA,60,"GRQ14",14,"stimulus.ejs",""
"201","62.176.19.146",1419439064360,"53_3_exp","","M_Sg","HSElist3Dec12","exp","",NA,1,NA,61,"GRQ14",14,"stimulus.ejs",""
"202","62.176.19.146",1419439073761,"54_3_fill","","NM_Pl","HSElist3Dec12","fill","",NA,1,NA,62,"GRQ14",14,"stimulus.ejs",""
"203","62.176.19.146",1419439083454,"55_3_fill","","NM_Pauc","HSElist3Dec12","fill","",NA,1,NA,63,"GRQ14",14,"stimulus.ejs",""
"204","62.176.19.146",1419439094917,"56_3_exp","","NM_Pl","HSElist3Dec12","exp","",NA,1,NA,64,"GRQ14",14,"stimulus.ejs",""
"205","62.176.19.146",1419439105833,"57_3_exp","","M_Pl","HSElist3Dec12","exp","",NA,1,NA,65,"GRQ14",14,"stimulus.ejs",""
"206","62.176.19.146",1419439115238,"58_3_fill","","NM_Pl","HSElist3Dec12","fill","",NA,1,NA,66,"GRQ14",14,"stimulus.ejs",""
"207","62.176.19.146",1419439126315,"59_3_exp","","NM_Sg","HSElist3Dec12","exp","",NA,1,NA,67,"GRQ14",14,"stimulus.ejs",""
"208","62.176.19.146",1419439135995,"60_3_fill","","M_Pauc","HSElist3Dec12","fill","",NA,1,NA,68,"GRQ14",14,"stimulus.ejs",""
"209","62.176.19.146",1419439146046,"61_3_fill","","M_Pl","HSElist3Dec12","fill","",NA,1,NA,69,"GRQ14",14,"stimulus.ejs",""
"210","62.176.19.146",1419439156563,"62_3_exp","","M_Sg","HSElist3Dec12","exp","",NA,1,NA,70,"GRQ14",14,"stimulus.ejs",""
"211","62.176.19.146",1419439167556,"63_3_exp","","NM_Pl","HSElist3Dec12","exp","",NA,1,NA,71,"GRQ14",14,"stimulus.ejs",""
"212","62.176.19.146",1419439178423,"64_3_fill","","NM_Pauc","HSElist3Dec12","fill","",NA,1,NA,72,"GRQ14",14,"stimulus.ejs",""
"213","212.74.198.4",1419600538454,"undefined","","","HSElist3Dec12","","",NA,NA,NA,1,"BYG15",15,"undefined",""
"214","212.74.198.4",1419600555001,"undefined","","","HSElist3Dec12","","",NA,NA,NA,2,"BYG15",15,"undefined",""
"215","212.74.198.4",1419600576101,"undefined","","","HSElist3Dec12","","",NA,1,NA,3,"BYG15",15,"undefined",""
"216","212.74.198.4",1419600602668,"undefined","","","HSElist3Dec12","","Ошибка!",6303,1,NA,5,"BYG15",15,"undefined",""
"217","212.74.198.4",1419600615903,"undefined","","","HSElist3Dec12","","",NA,1,NA,6,"BYG15",15,"undefined",""
"218","212.74.198.4",1419600626106,"undefined","","","HSElist3Dec12","","Ошибка!",6050,1,NA,7,"BYG15",15,"undefined",""
"219","212.74.198.4",1419600592193,"undefined","","","HSElist3Dec12","","Ошибка!",7282,1,NA,4,"BYG15",15,"undefined",""
"220","212.74.198.4",1419600641381,"1_3_fill","","M_Pauc","HSElist3Dec12","fill","",NA,1,NA,9,"BYG15",15,"stimulus.ejs",""
"221","212.74.198.4",1419600653378,"2_3_exp","","M_Pl","HSElist3Dec12","exp","",NA,1,NA,10,"BYG15",15,"stimulus.ejs",""
"222","212.74.198.4",1419600665313,"3_3_exp","","NM_Sg","HSElist3Dec12","exp","Ошибка!",6504,1,NA,11,"BYG15",15,"stimulus.ejs",""
"223","212.74.198.4",1419600677038,"4_3_fill","","M_Pl","HSElist3Dec12","fill","",NA,1,NA,12,"BYG15",15,"stimulus.ejs",""
"224","212.74.198.4",1419600688579,"5_3_exp","","M_Sg","HSElist3Dec12","exp","Ошибка!",10331,1,NA,13,"BYG15",15,"stimulus.ejs",""
"225","212.74.198.4",1419600698799,"6_3_fill","","NM_Pl","HSElist3Dec12","fill","Ошибка!",8611,1,NA,14,"BYG15",15,"stimulus.ejs",""
"226","212.74.198.4",1419600709362,"7_3_fill","","NM_Pauc","HSElist3Dec12","fill","Ошибка!",7571,1,NA,15,"BYG15",15,"stimulus.ejs",""
"227","212.74.198.4",1419600721483,"8_3_exp","","NM_Pl","HSElist3Dec12","exp","",NA,1,NA,16,"BYG15",15,"stimulus.ejs",""
"228","212.74.198.4",1419600744541,"10_3_fill","","NM_Pl","HSElist3Dec12","fill","Ошибка!",8570,1,NA,18,"BYG15",15,"stimulus.ejs",""
"229","212.74.198.4",1419600756104,"11_3_exp","","NM_Sg","HSElist3Dec12","exp","Ошибка!",8786,1,NA,19,"BYG15",15,"stimulus.ejs",""
"230","212.74.198.4",1419600732840,"9_3_exp","","M_Pl","HSElist3Dec12","exp","",NA,1,NA,17,"BYG15",15,"stimulus.ejs",""
"231","212.74.198.4",1419600767085,"12_3_fill","","M_Pauc","HSElist3Dec12","fill","",NA,1,NA,20,"BYG15",15,"stimulus.ejs",""
"232","212.74.198.4",1419600791239,"14_3_exp","","M_Sg","HSElist3Dec12","exp","",NA,1,NA,22,"BYG15",15,"stimulus.ejs",""
"233","212.74.198.4",1419600801991,"15_3_exp","","NM_Pl","HSElist3Dec12","exp","Ошибка!",7578,1,NA,23,"BYG15",15,"stimulus.ejs",""
"234","212.74.198.4",1419600813411,"16_3_fill","","M_Pauc","HSElist3Dec12","fill","",NA,1,NA,24,"BYG15",15,"stimulus.ejs",""
"235","212.74.198.4",1419600835659,"18_3_fill","","NM_Pauc","HSElist3Dec12","fill","Ошибка!",7296,1,NA,26,"BYG15",15,"stimulus.ejs",""
"236","212.74.198.4",1419600846599,"19_3_fill","","NM_Pl","HSElist3Dec12","fill","Ошибка!",5914,1,NA,27,"BYG15",15,"stimulus.ejs",""
"237","212.74.198.4",1419600858811,"20_3_exp","","NM_Sg","HSElist3Dec12","exp","Ошибка!",9539,1,NA,28,"BYG15",15,"stimulus.ejs",""
"238","212.74.198.4",1419600882487,"22_3_fill","","NM_Pauc","HSElist3Dec12","fill","",NA,1,NA,30,"BYG15",15,"stimulus.ejs",""
"239","212.74.198.4",1419600825469,"17_3_exp","","M_Pl","HSElist3Dec12","exp","",NA,1,NA,25,"BYG15",15,"stimulus.ejs",""
"240","212.74.198.4",1419600898520,"23_3_exp","","NM_Pl","HSElist3Dec12","exp","Ошибка!",1419600885167,1,NA,31,"BYG15",15,"stimulus.ejs",""
"241","212.74.198.4",1419600870926,"21_3_exp","","M_Sg","HSElist3Dec12","exp","",NA,1,NA,29,"BYG15",15,"stimulus.ejs",""
"242","212.74.198.4",1419600924162,"25_3_fill","","M_Pauc","HSElist3Dec12","fill","",NA,1,NA,33,"BYG15",15,"stimulus.ejs",""
"243","212.74.198.4",1419600935076,"26_3_exp","","M_Pl","HSElist3Dec12","exp","",NA,1,NA,34,"BYG15",15,"stimulus.ejs",""
"244","212.74.198.4",1419600947709,"27_3_exp","","NM_Sg","HSElist3Dec12","exp","Ошибка!",7682,1,NA,35,"BYG15",15,"stimulus.ejs",""
"245","212.74.198.4",1419600958186,"28_3_fill","","M_Pl","HSElist3Dec12","fill","",NA,1,NA,36,"BYG15",15,"stimulus.ejs",""
"246","212.74.198.4",1419600969360,"29_3_exp","","M_Sg","HSElist3Dec12","exp","",NA,1,NA,37,"BYG15",15,"stimulus.ejs",""
"247","212.74.198.4",1419600980037,"30_3_fill","","NM_Pl","HSElist3Dec12","fill","Ошибка!",7785,1,NA,38,"BYG15",15,"stimulus.ejs",""
"248","212.74.198.4",1419600992643,"31_3_fill","","NM_Pauc","HSElist3Dec12","fill","Ошибка!",7474,1,NA,39,"BYG15",15,"stimulus.ejs",""
"249","212.74.198.4",1419600907623,"24_3_fill","","M_Pl","HSElist3Dec12","fill","Ошибка!",2116,1,NA,32,"BYG15",15,"stimulus.ejs",""
"250","212.74.198.4",1419601003770,"32_3_exp","","NM_Pl","HSElist3Dec12","exp","Ошибка!",7062,1,NA,40,"BYG15",15,"stimulus.ejs",""
"251","212.74.198.4",1419601025777,"34_3_fill","","NM_Pl","HSElist3Dec12","fill","Ошибка!",7492,1,NA,42,"BYG15",15,"stimulus.ejs",""
"252","212.74.198.4",1419601036856,"35_3_exp","","NM_Sg","HSElist3Dec12","exp","Ошибка!",7804,1,NA,43,"BYG15",15,"stimulus.ejs",""
"253","212.74.198.4",1419601015421,"33_3_exp","","M_Pl","HSElist3Dec12","exp","",NA,1,NA,41,"BYG15",15,"stimulus.ejs",""
"254","212.74.198.4",1419601048022,"36_3_fill","","M_Pauc","HSElist3Dec12","fill","",NA,1,NA,44,"BYG15",15,"stimulus.ejs",""
"255","212.74.198.4",1419601059652,"37_3_fill","","M_Pl","HSElist3Dec12","fill","",NA,1,NA,45,"BYG15",15,"stimulus.ejs",""
"256","212.74.198.4",1419601082406,"39_3_exp","","NM_Pl","HSElist3Dec12","exp","Ошибка!",7729,1,NA,47,"BYG15",15,"stimulus.ejs",""
"257","212.74.198.4",1419601070937,"38_3_exp","","M_Sg","HSElist3Dec12","exp","",NA,1,NA,46,"BYG15",15,"stimulus.ejs",""
"258","212.74.198.4",1419601110348,"41_3_exp","","M_Pl","HSElist3Dec12","exp","",NA,1,NA,49,"BYG15",15,"stimulus.ejs",""
"259","212.74.198.4",1419601120895,"42_3_fill","","NM_Pauc","HSElist3Dec12","fill","Ошибка!",7643,1,NA,50,"BYG15",15,"stimulus.ejs",""
"260","212.74.198.4",1419601092250,"40_3_fill","","M_Pauc","HSElist3Dec12","fill","",NA,1,NA,48,"BYG15",15,"stimulus.ejs",""
"261","212.74.198.4",1419601147948,"44_3_exp","","NM_Sg","HSElist3Dec12","exp","Ошибка!",8423,1,NA,52,"BYG15",15,"stimulus.ejs",""
"262","212.74.198.4",1419601159975,"45_3_exp","","M_Sg","HSElist3Dec12","exp","",NA,1,NA,53,"BYG15",15,"stimulus.ejs",""
"263","212.74.198.4",1419601131554,"43_3_fill","","NM_Pl","HSElist3Dec12","fill","Ошибка!",7508,1,NA,51,"BYG15",15,"stimulus.ejs",""
"264","212.74.198.4",1419601170888,"46_3_fill","","NM_Pauc","HSElist3Dec12","fill","Ошибка!",7451,1,NA,54,"BYG15",15,"stimulus.ejs",""
"265","212.74.198.4",1419601182195,"47_3_exp","","NM_Pl","HSElist3Dec12","exp","Ошибка!",8338,1,NA,55,"BYG15",15,"stimulus.ejs",""
"266","212.74.198.4",1419601197165,"48_3_fill","","M_Pl","HSElist3Dec12","fill","",NA,1,NA,56,"BYG15",15,"stimulus.ejs",""
"267","212.74.198.4",1419601206553,"49_3_fill","","M_Pauc","HSElist3Dec12","fill","",NA,1,NA,57,"BYG15",15,"stimulus.ejs",""
"268","212.74.198.4",1419601229096,"51_3_exp","","NM_Sg","HSElist3Dec12","exp","Ошибка!",6573,1,NA,59,"BYG15",15,"stimulus.ejs",""
"269","212.74.198.4",1419601239365,"52_3_fill","","M_Pl","HSElist3Dec12","fill","",NA,1,NA,60,"BYG15",15,"stimulus.ejs",""
"270","212.74.198.4",1419601217357,"50_3_exp","","M_Pl","HSElist3Dec12","exp","",NA,1,NA,58,"BYG15",15,"stimulus.ejs",""
"271","212.74.198.4",1419601253306,"53_3_exp","","M_Sg","HSElist3Dec12","exp","",NA,1,NA,61,"BYG15",15,"stimulus.ejs",""
"272","212.74.198.4",1419601263843,"54_3_fill","","NM_Pl","HSElist3Dec12","fill","Ошибка!",6999,1,NA,62,"BYG15",15,"stimulus.ejs",""
"273","212.74.198.4",1419601277909,"55_3_fill","","NM_Pauc","HSElist3Dec12","fill","",NA,1,NA,63,"BYG15",15,"stimulus.ejs",""
"274","212.74.198.4",1419601289560,"56_3_exp","","NM_Pl","HSElist3Dec12","exp","Ошибка!",6716,1,NA,64,"BYG15",15,"stimulus.ejs",""
"275","212.74.198.4",1419601300594,"57_3_exp","","M_Pl","HSElist3Dec12","exp","Ошибка!",9420,1,NA,65,"BYG15",15,"stimulus.ejs",""
"276","212.74.198.4",1419601315424,"58_3_fill","","NM_Pl","HSElist3Dec12","fill","Ошибка!",5571,1,NA,66,"BYG15",15,"stimulus.ejs",""
"277","212.74.198.4",1419601326996,"59_3_exp","","NM_Sg","HSElist3Dec12","exp","Ошибка!",6662,1,NA,67,"BYG15",15,"stimulus.ejs",""
"278","212.74.198.4",1419601336656,"60_3_fill","","M_Pauc","HSElist3Dec12","fill","",NA,1,NA,68,"BYG15",15,"stimulus.ejs",""
"279","212.74.198.4",1419601347030,"61_3_fill","","M_Pl","HSElist3Dec12","fill","",NA,1,NA,69,"BYG15",15,"stimulus.ejs",""
"280","212.74.198.4",1419601360897,"62_3_exp","","M_Sg","HSElist3Dec12","exp","",NA,1,NA,70,"BYG15",15,"stimulus.ejs",""
"281","212.74.198.4",1419601372691,"63_3_exp","","NM_Pl","HSElist3Dec12","exp","",NA,1,NA,71,"BYG15",15,"stimulus.ejs",""
"282","212.74.198.4",1419601382716,"64_3_fill","","NM_Pauc","HSElist3Dec12","fill","Ошибка!",6098,1,NA,72,"BYG15",15,"stimulus.ejs",""
"283","212.74.198.4",1419601395335,"65_3_exp","","M_Pl","HSElist3Dec12","exp","",NA,1,NA,73,"BYG15",15,"stimulus.ejs",""
"284","95.220.51.195",1419606291950,"undefined","","","HSElist3Dec12","","",NA,NA,NA,1,"FHG16",16,"undefined",""
"285","95.220.51.195",1419606297985,"undefined","","","HSElist3Dec12","","",NA,NA,NA,2,"FHG16",16,"undefined",""
"286","95.220.51.195",1419606312909,"undefined","","","HSElist3Dec12","","",NA,1,NA,3,"FHG16",16,"undefined",""
"287","95.220.51.195",1419606340141,"undefined","","","HSElist3Dec12","","",NA,1,NA,4,"FHG16",16,"undefined",""
"288","95.220.51.195",1419606350693,"undefined","","","HSElist3Dec12","","",NA,1,NA,5,"FHG16",16,"undefined",""
"289","95.220.51.195",1419606363078,"undefined","","","HSElist3Dec12","","",NA,1,NA,6,"FHG16",16,"undefined",""
"290","95.220.51.195",1419606373489,"undefined","","","HSElist3Dec12","","Ошибка!",5708,1,NA,7,"FHG16",16,"undefined",""
"291","95.220.51.195",1419606389419,"1_3_fill","","M_Pauc","HSElist3Dec12","fill","",NA,1,NA,9,"FHG16",16,"stimulus.ejs",""
"292","95.220.51.195",1419606401188,"2_3_exp","","M_Pl","HSElist3Dec12","exp","",NA,1,NA,10,"FHG16",16,"stimulus.ejs",""
"293","95.220.51.195",1419606413595,"3_3_exp","","NM_Sg","HSElist3Dec12","exp","Ошибка!",9036,1,NA,11,"FHG16",16,"stimulus.ejs",""
"294","95.220.51.195",1419606427029,"4_3_fill","","M_Pl","HSElist3Dec12","fill","",NA,1,NA,12,"FHG16",16,"stimulus.ejs",""
"295","95.220.51.195",1419606439212,"5_3_exp","","M_Sg","HSElist3Dec12","exp","",NA,1,NA,13,"FHG16",16,"stimulus.ejs",""
"296","95.220.51.195",1419606450699,"6_3_fill","","NM_Pl","HSElist3Dec12","fill","Ошибка!",6527,1,NA,14,"FHG16",16,"stimulus.ejs",""
"297","95.220.51.195",1419606462243,"7_3_fill","","NM_Pauc","HSElist3Dec12","fill","Ошибка!",8821,1,NA,15,"FHG16",16,"stimulus.ejs",""
"298","95.220.51.195",1419606475144,"8_3_exp","","NM_Pl","HSElist3Dec12","exp","Ошибка!",7041,1,NA,16,"FHG16",16,"stimulus.ejs",""
"299","95.220.51.195",1419606487301,"9_3_exp","","M_Pl","HSElist3Dec12","exp","",NA,1,NA,17,"FHG16",16,"stimulus.ejs",""
"300","95.220.51.195",1419606500085,"10_3_fill","","NM_Pl","HSElist3Dec12","fill","Ошибка!",8583,1,NA,18,"FHG16",16,"stimulus.ejs",""
"301","95.220.51.195",1419606511912,"11_3_exp","","NM_Sg","HSElist3Dec12","exp","Ошибка!",6875,1,NA,19,"FHG16",16,"stimulus.ejs",""
"302","95.220.51.195",1419606522625,"12_3_fill","","M_Pauc","HSElist3Dec12","fill","",NA,1,NA,20,"FHG16",16,"stimulus.ejs",""
"303","95.220.51.195",1419606533748,"13_3_fill","","M_Pl","HSElist3Dec12","fill","",NA,1,NA,21,"FHG16",16,"stimulus.ejs",""
"304","95.220.51.195",1419606546007,"14_3_exp","","M_Sg","HSElist3Dec12","exp","",NA,1,NA,22,"FHG16",16,"stimulus.ejs",""
"305","66.249.81.157",1419883500262,"undefined","","","HSElist3Dec12","","",NA,NA,NA,1,"VEB17",17,"undefined",""
"306","66.249.81.151",1419883504324,"undefined","","","HSElist3Dec12","","",NA,NA,NA,2,"VEB17",17,"undefined",""
"307","178.251.141.7",1419976681543,"undefined","","","HSElist3Dec12","","",NA,NA,NA,1,"GHM18",18,"undefined",""
"308","178.251.141.7",1419976698917,"undefined","","","HSElist3Dec12","","",NA,NA,NA,2,"GHM18",18,"undefined",""
"309","178.251.141.7",1419976715335,"undefined","","","HSElist3Dec12","","",NA,1,NA,3,"GHM18",18,"undefined",""
"310","178.251.141.7",1419976734446,"undefined","","","HSElist3Dec12","","Ошибка!",4287,1,NA,4,"GHM18",18,"undefined",""
"311","178.251.141.7",1419976744328,"undefined","","","HSElist3Dec12","","Ошибка!",3389,1,NA,5,"GHM18",18,"undefined",""
"312","178.251.141.7",1419976757406,"undefined","","","HSElist3Dec12","","Ошибка!",8962,1,NA,6,"GHM18",18,"undefined",""
"313","178.251.141.7",1419976767949,"undefined","","","HSElist3Dec12","","Ошибка!",3024,1,NA,7,"GHM18",18,"undefined",""
"314","178.251.141.7",1419976784186,"1_3_fill","","M_Pauc","HSElist3Dec12","fill","",NA,1,NA,9,"GHM18",18,"stimulus.ejs",""
"315","178.251.141.7",1419976796374,"2_3_exp","","M_Pl","HSElist3Dec12","exp","",NA,1,NA,10,"GHM18",18,"stimulus.ejs",""
"316","178.251.141.7",1419976808317,"3_3_exp","","NM_Sg","HSElist3Dec12","exp","Ошибка!",5993,1,NA,11,"GHM18",18,"stimulus.ejs",""
"317","185.19.20.67",1420270994971,"","","","HSElist3Dec12","","",NA,NA,NA,1,"TFZ19",19,"undefined","undefined"
"318","185.19.20.67",1420271000494,"","","","HSElist3Dec12","","",NA,NA,NA,2,"TFZ19",19,"undefined","undefined"
"319","185.19.20.67",1420271012430,"","","","HSElist3Dec12","","",NA,1,NA,3,"TFZ19",19,"undefined","undefined"
"320","185.19.20.67",1420271023061,"","","","HSElist3Dec12","","Ошибка!",4134,1,NA,4,"TFZ19",19,"undefined","undefined"
"321","185.19.20.67",1420271032798,"","","","HSElist3Dec12","","Ошибка!",3513,1,NA,5,"TFZ19",19,"undefined","undefined"
"322","185.19.20.67",1420271045803,"","","","HSElist3Dec12","","",NA,1,NA,6,"TFZ19",19,"undefined","undefined"
"323","185.19.20.67",1420271055584,"","","","HSElist3Dec12","","Ошибка!",3601,1,NA,7,"TFZ19",19,"undefined","undefined"
"324","5.45.192.116",1420380548195,"undefined","","","HSElist3Dec12","","",NA,NA,NA,1,"BVW20",20,"undefined",""
"325","5.45.192.116",1420380571687,"undefined","","","HSElist3Dec12","","",NA,NA,NA,2,"BVW20",20,"undefined",""
"326","5.45.192.116",1420380608109,"undefined","","","HSElist3Dec12","","",NA,NA,NA,1,"XMY21",21,"undefined",""
"327","5.45.192.116",1420380609748,"undefined","","","HSElist3Dec12","","",NA,NA,NA,2,"XMY21",21,"undefined",""
"328","95.134.236.233",1420485847753,"undefined","","","HSElist3Dec12","","",NA,NA,NA,1,"PZA22",22,"undefined",""
"329","95.134.236.233",1420485924673,"undefined","","","HSElist3Dec12","","",NA,NA,NA,2,"PZA22",22,"undefined",""
"330","95.134.236.233",1420485947952,"undefined","","","HSElist3Dec12","","Ошибка!",6729,1,NA,3,"PZA22",22,"undefined",""
"331","95.134.236.233",1420485959165,"undefined","","","HSElist3Dec12","","",NA,1,NA,4,"PZA22",22,"undefined",""
"332","95.134.236.233",1420485968897,"undefined","","","HSElist3Dec12","","Ошибка!",7720,1,NA,5,"PZA22",22,"undefined",""
"333","95.134.236.233",1420485980987,"undefined","","","HSElist3Dec12","","Ошибка!",10428,1,NA,6,"PZA22",22,"undefined",""
"334","95.134.236.233",1420485990394,"undefined","","","HSElist3Dec12","","",NA,1,NA,7,"PZA22",22,"undefined",""
"335","95.134.236.233",1420486007217,"1_3_fill","","M_Pauc","HSElist3Dec12","fill","",NA,1,NA,9,"PZA22",22,"stimulus.ejs",""
"336","95.134.236.233",1420486019452,"2_3_exp","","M_Pl","HSElist3Dec12","exp","",NA,1,NA,10,"PZA22",22,"stimulus.ejs",""
"337","95.134.236.233",1420486031437,"3_3_exp","","NM_Sg","HSElist3Dec12","exp","Ошибка!",9970,1,NA,11,"PZA22",22,"stimulus.ejs",""
"338","95.134.236.233",1420486042284,"4_3_fill","","M_Pl","HSElist3Dec12","fill","",NA,1,NA,12,"PZA22",22,"stimulus.ejs",""
"339","95.134.236.233",1420486054199,"5_3_exp","","M_Sg","HSElist3Dec12","exp","Ошибка!",9806,1,NA,13,"PZA22",22,"stimulus.ejs",""
"340","95.134.236.233",1420486064960,"6_3_fill","","NM_Pl","HSElist3Dec12","fill","Ошибка!",7536,1,NA,14,"PZA22",22,"stimulus.ejs",""
"341","95.134.236.233",1420486075555,"7_3_fill","","NM_Pauc","HSElist3Dec12","fill","Ошибка!",7947,1,NA,15,"PZA22",22,"stimulus.ejs",""
"342","95.134.236.233",1420486087605,"8_3_exp","","NM_Pl","HSElist3Dec12","exp","Ошибка!",7221,1,NA,16,"PZA22",22,"stimulus.ejs",""
"343","95.134.236.233",1420486099632,"9_3_exp","","M_Pl","HSElist3Dec12","exp","",NA,1,NA,17,"PZA22",22,"stimulus.ejs",""
"344","95.134.236.233",1420486112797,"10_3_fill","","NM_Pl","HSElist3Dec12","fill","Ошибка!",8495,1,NA,18,"PZA22",22,"stimulus.ejs",""
"345","95.134.236.233",1420486124501,"11_3_exp","","NM_Sg","HSElist3Dec12","exp","Ошибка!",9024,1,NA,19,"PZA22",22,"stimulus.ejs",""
"346","95.134.236.233",1420486135757,"12_3_fill","","M_Pauc","HSElist3Dec12","fill","",NA,1,NA,20,"PZA22",22,"stimulus.ejs",""
"347","95.134.236.233",1420486146932,"13_3_fill","","M_Pl","HSElist3Dec12","fill","",NA,1,NA,21,"PZA22",22,"stimulus.ejs",""
"348","95.134.236.233",1420486159495,"14_3_exp","","M_Sg","HSElist3Dec12","exp","",NA,1,NA,22,"PZA22",22,"stimulus.ejs",""
"349","95.134.236.233",1420486171781,"15_3_exp","","NM_Pl","HSElist3Dec12","exp","Ошибка!",6281,1,NA,23,"PZA22",22,"stimulus.ejs",""
"350","95.134.236.233",1420486185382,"16_3_fill","","M_Pauc","HSElist3Dec12","fill","",NA,1,NA,24,"PZA22",22,"stimulus.ejs",""
"351","95.134.236.233",1420486197644,"17_3_exp","","M_Pl","HSElist3Dec12","exp","",NA,1,NA,25,"PZA22",22,"stimulus.ejs",""
"352","95.134.236.233",1420486208789,"18_3_fill","","NM_Pauc","HSElist3Dec12","fill","",NA,1,NA,26,"PZA22",22,"stimulus.ejs",""
"353","95.134.236.233",1420486218121,"19_3_fill","","NM_Pl","HSElist3Dec12","fill","Ошибка!",6548,1,NA,27,"PZA22",22,"stimulus.ejs",""
"354","95.134.236.233",1420486229505,"20_3_exp","","NM_Sg","HSElist3Dec12","exp","Ошибка!",8325,1,NA,28,"PZA22",22,"stimulus.ejs",""
"355","95.134.236.233",1420486241477,"21_3_exp","","M_Sg","HSElist3Dec12","exp","",NA,1,NA,29,"PZA22",22,"stimulus.ejs",""
"356","95.134.236.233",1420486253507,"22_3_fill","","NM_Pauc","HSElist3Dec12","fill","Ошибка!",6994,1,NA,30,"PZA22",22,"stimulus.ejs",""
"357","95.134.236.233",1420486265261,"23_3_exp","","NM_Pl","HSElist3Dec12","exp","Ошибка!",7353,1,NA,31,"PZA22",22,"stimulus.ejs",""
"358","95.134.236.233",1420486275846,"24_3_fill","","M_Pl","HSElist3Dec12","fill","",NA,1,NA,32,"PZA22",22,"stimulus.ejs",""
"359","95.134.236.233",1420486285252,"25_3_fill","","M_Pauc","HSElist3Dec12","fill","",NA,1,NA,33,"PZA22",22,"stimulus.ejs",""
"360","95.134.236.233",1420486296700,"26_3_exp","","M_Pl","HSElist3Dec12","exp","Ошибка!",8767,1,NA,34,"PZA22",22,"stimulus.ejs",""
"361","95.134.236.233",1420486309166,"27_3_exp","","NM_Sg","HSElist3Dec12","exp","Ошибка!",8203,1,NA,35,"PZA22",22,"stimulus.ejs",""
"362","95.134.236.233",1420486320379,"28_3_fill","","M_Pl","HSElist3Dec12","fill","",NA,1,NA,36,"PZA22",22,"stimulus.ejs",""
"363","95.134.236.233",1420486332320,"29_3_exp","","M_Sg","HSElist3Dec12","exp","",NA,1,NA,37,"PZA22",22,"stimulus.ejs",""
"364","95.134.236.233",1420486343811,"30_3_fill","","NM_Pl","HSElist3Dec12","fill","",NA,1,NA,38,"PZA22",22,"stimulus.ejs",""
"365","95.134.236.233",1420486353844,"31_3_fill","","NM_Pauc","HSElist3Dec12","fill","",NA,1,NA,39,"PZA22",22,"stimulus.ejs",""
"366","95.134.236.233",1420486365457,"32_3_exp","","NM_Pl","HSElist3Dec12","exp","Ошибка!",6266,1,NA,40,"PZA22",22,"stimulus.ejs",""
"367","95.134.236.233",1420486377255,"33_3_exp","","M_Pl","HSElist3Dec12","exp","Ошибка!",7177,1,NA,41,"PZA22",22,"stimulus.ejs",""
"368","95.134.236.233",1420486387906,"34_3_fill","","NM_Pl","HSElist3Dec12","fill","Ошибка!",5451,1,NA,42,"PZA22",22,"stimulus.ejs",""
"369","95.134.236.233",1420486400025,"35_3_exp","","NM_Sg","HSElist3Dec12","exp","Ошибка!",6860,1,NA,43,"PZA22",22,"stimulus.ejs",""
"370","95.134.236.233",1420486411473,"36_3_fill","","M_Pauc","HSElist3Dec12","fill","",NA,1,NA,44,"PZA22",22,"stimulus.ejs",""
"371","95.134.236.233",1420486422455,"37_3_fill","","M_Pl","HSElist3Dec12","fill","",NA,1,NA,45,"PZA22",22,"stimulus.ejs",""
"372","95.134.236.233",1420486436855,"38_3_exp","","M_Sg","HSElist3Dec12","exp","",NA,1,NA,46,"PZA22",22,"stimulus.ejs",""
"373","95.134.236.233",1420486448806,"39_3_exp","","NM_Pl","HSElist3Dec12","exp","Ошибка!",6467,1,NA,47,"PZA22",22,"stimulus.ejs",""
"374","95.134.236.233",1420486458307,"40_3_fill","","M_Pauc","HSElist3Dec12","fill","",NA,1,NA,48,"PZA22",22,"stimulus.ejs",""
"375","95.134.236.233",1420486471471,"41_3_exp","","M_Pl","HSElist3Dec12","exp","",NA,1,NA,49,"PZA22",22,"stimulus.ejs",""
"376","95.134.236.233",1420486482644,"42_3_fill","","NM_Pauc","HSElist3Dec12","fill","",NA,1,NA,50,"PZA22",22,"stimulus.ejs",""
"377","95.134.236.233",1420486493833,"43_3_fill","","NM_Pl","HSElist3Dec12","fill","",NA,1,NA,51,"PZA22",22,"stimulus.ejs",""
"378","95.134.236.233",1420486505007,"44_3_exp","","NM_Sg","HSElist3Dec12","exp","Ошибка!",6598,1,NA,52,"PZA22",22,"stimulus.ejs",""
"379","95.134.236.233",1420486517268,"45_3_exp","","M_Sg","HSElist3Dec12","exp","",NA,1,NA,53,"PZA22",22,"stimulus.ejs",""
"380","95.134.236.233",1420486527997,"46_3_fill","","NM_Pauc","HSElist3Dec12","fill","",NA,1,NA,54,"PZA22",22,"stimulus.ejs",""
"381","95.134.236.233",1420486539397,"47_3_exp","","NM_Pl","HSElist3Dec12","exp","Ошибка!",7778,1,NA,55,"PZA22",22,"stimulus.ejs",""
"382","95.134.236.233",1420486549634,"48_3_fill","","M_Pl","HSElist3Dec12","fill","",NA,1,NA,56,"PZA22",22,"stimulus.ejs",""
"383","95.134.236.233",1420486560453,"49_3_fill","","M_Pauc","HSElist3Dec12","fill","",NA,1,NA,57,"PZA22",22,"stimulus.ejs",""
"384","95.134.236.233",1420486571578,"50_3_exp","","M_Pl","HSElist3Dec12","exp","",NA,1,NA,58,"PZA22",22,"stimulus.ejs",""
"385","95.134.236.233",1420486583625,"51_3_exp","","NM_Sg","HSElist3Dec12","exp","Ошибка!",6599,1,NA,59,"PZA22",22,"stimulus.ejs",""
"386","95.134.236.233",1420486593705,"52_3_fill","","M_Pl","HSElist3Dec12","fill","",NA,1,NA,60,"PZA22",22,"stimulus.ejs",""
"387","95.134.236.233",1420486605790,"53_3_exp","","M_Sg","HSElist3Dec12","exp","Ошибка!",8195,1,NA,61,"PZA22",22,"stimulus.ejs",""
"388","95.134.236.233",1420486615788,"54_3_fill","","NM_Pl","HSElist3Dec12","fill","Ошибка!",7180,1,NA,62,"PZA22",22,"stimulus.ejs",""
"389","95.134.236.233",1420486628139,"55_3_fill","","NM_Pauc","HSElist3Dec12","fill","",NA,1,NA,63,"PZA22",22,"stimulus.ejs",""
"390","95.134.236.233",1420486640120,"56_3_exp","","NM_Pl","HSElist3Dec12","exp","Ошибка!",6947,1,NA,64,"PZA22",22,"stimulus.ejs",""
"391","95.134.236.233",1420486651364,"57_3_exp","","M_Pl","HSElist3Dec12","exp","",NA,1,NA,65,"PZA22",22,"stimulus.ejs",""
"392","95.134.236.233",1420486661044,"58_3_fill","","NM_Pl","HSElist3Dec12","fill","Ошибка!",6042,1,NA,66,"PZA22",22,"stimulus.ejs",""
"393","95.134.236.233",1420486674150,"59_3_exp","","NM_Sg","HSElist3Dec12","exp","Ошибка!",6552,1,NA,67,"PZA22",22,"stimulus.ejs",""
"394","95.134.236.233",1420486683755,"60_3_fill","","M_Pauc","HSElist3Dec12","fill","",NA,1,NA,68,"PZA22",22,"stimulus.ejs",""
"395","95.134.236.233",1420486694365,"61_3_fill","","M_Pl","HSElist3Dec12","fill","",NA,1,NA,69,"PZA22",22,"stimulus.ejs",""
"396","95.134.236.233",1420486705495,"62_3_exp","","M_Sg","HSElist3Dec12","exp","",NA,1,NA,70,"PZA22",22,"stimulus.ejs",""
"397","95.134.236.233",1420486716891,"63_3_exp","","NM_Pl","HSElist3Dec12","exp","Ошибка!",6220,1,NA,71,"PZA22",22,"stimulus.ejs",""
"398","95.134.236.233",1420486726242,"64_3_fill","","NM_Pauc","HSElist3Dec12","fill","Ошибка!",5310,1,NA,72,"PZA22",22,"stimulus.ejs",""
"399","95.134.236.233",1420486736769,"65_3_exp","","M_Pl","HSElist3Dec12","exp","",NA,1,NA,73,"PZA22",22,"stimulus.ejs",""
"400","46.118.13.6",1420797657229,"undefined","","","HSElist3Dec12","","",NA,NA,NA,1,"TNE23",23,"undefined",""
"401","46.118.13.6",1420797817742,"undefined","","","HSElist3Dec12","","",NA,NA,NA,2,"TNE23",23,"undefined",""
"402","46.118.13.6",1420797832579,"undefined","","","HSElist3Dec12","","",NA,1,NA,3,"TNE23",23,"undefined",""
"403","168.63.200.167",1420880120771,"","undefined","","HSElist3Dec12","","",NA,NA,NA,1,"EGM24",24,"undefined",""
"404","168.63.200.167",1420880131630,"","undefined","","HSElist3Dec12","","",NA,NA,NA,2,"EGM24",24,"undefined",""
"405","168.63.200.167",1420880190461,"","undefined","","HSElist3Dec12","","",NA,NA,NA,1,"MXQ25",25,"undefined",""
"406","168.63.200.167",1420880191961,"","undefined","","HSElist3Dec12","","",NA,NA,NA,2,"MXQ25",25,"undefined",""
"407","2.92.163.1",1421049142618,"undefined","","","HSElist3Dec12","","",NA,NA,NA,1,"LIQ26",26,"undefined",""
"408","2.92.163.1",1421049165950,"undefined","","","HSElist3Dec12","","",NA,NA,NA,2,"LIQ26",26,"undefined",""
"409","2.92.163.1",1421049178352,"undefined","","","HSElist3Dec12","","",NA,1,NA,3,"LIQ26",26,"undefined",""
"410","2.92.163.1",1421049194540,"undefined","","","HSElist3Dec12","","Ошибка!",3923,1,NA,4,"LIQ26",26,"undefined",""
"411","2.92.163.1",1421049205537,"undefined","","","HSElist3Dec12","","Ошибка!",3734,1,NA,5,"LIQ26",26,"undefined",""
"412","2.92.163.1",1421049217152,"undefined","","","HSElist3Dec12","","",NA,1,NA,6,"LIQ26",26,"undefined",""
"413","2.92.163.1",1421049226115,"undefined","","","HSElist3Dec12","","Ошибка!",3340,1,NA,7,"LIQ26",26,"undefined",""
"414","2.92.163.1",1421049241697,"1_3_fill","","M_Pauc","HSElist3Dec12","fill","",NA,1,NA,9,"LIQ26",26,"stimulus.ejs",""
"415","2.92.163.1",1421049255189,"2_3_exp","","M_Pl","HSElist3Dec12","exp","",NA,1,NA,10,"LIQ26",26,"stimulus.ejs",""
"416","2.92.163.1",1421049266794,"3_3_exp","","NM_Sg","HSElist3Dec12","exp","Ошибка!",6173,1,NA,11,"LIQ26",26,"stimulus.ejs",""
"417","2.92.163.1",1421049276440,"4_3_fill","","M_Pl","HSElist3Dec12","fill","",NA,1,NA,12,"LIQ26",26,"stimulus.ejs",""
"418","2.92.163.1",1421049287902,"5_3_exp","","M_Sg","HSElist3Dec12","exp","",NA,1,NA,13,"LIQ26",26,"stimulus.ejs",""
"419","2.92.163.1",1421049297431,"6_3_fill","","NM_Pl","HSElist3Dec12","fill","Ошибка!",4590,1,NA,14,"LIQ26",26,"stimulus.ejs",""
"420","2.92.163.1",1421049307573,"7_3_fill","","NM_Pauc","HSElist3Dec12","fill","Ошибка!",4614,1,NA,15,"LIQ26",26,"stimulus.ejs",""
"421","2.92.163.1",1421049318538,"8_3_exp","","NM_Pl","HSElist3Dec12","exp","Ошибка!",6186,1,NA,16,"LIQ26",26,"stimulus.ejs",""
"422","2.92.163.1",1421049329590,"9_3_exp","","M_Pl","HSElist3Dec12","exp","",NA,1,NA,17,"LIQ26",26,"stimulus.ejs",""
"423","2.92.163.1",1421049341010,"10_3_fill","","NM_Pl","HSElist3Dec12","fill","Ошибка!",4929,1,NA,18,"LIQ26",26,"stimulus.ejs",""
"424","2.92.163.1",1421049352135,"11_3_exp","","NM_Sg","HSElist3Dec12","exp","Ошибка!",6106,1,NA,19,"LIQ26",26,"stimulus.ejs",""
"425","2.92.163.1",1421049362380,"12_3_fill","","M_Pauc","HSElist3Dec12","fill","",NA,1,NA,20,"LIQ26",26,"stimulus.ejs",""
"426","2.92.163.1",1421049372218,"13_3_fill","","M_Pl","HSElist3Dec12","fill","",NA,1,NA,21,"LIQ26",26,"stimulus.ejs",""
"427","2.92.163.1",1421049384125,"14_3_exp","","M_Sg","HSElist3Dec12","exp","",NA,1,NA,22,"LIQ26",26,"stimulus.ejs",""
"428","2.92.163.1",1421049394592,"15_3_exp","","NM_Pl","HSElist3Dec12","exp","Ошибка!",6203,1,NA,23,"LIQ26",26,"stimulus.ejs",""
"429","2.92.163.1",1421049405426,"16_3_fill","","M_Pauc","HSElist3Dec12","fill","",NA,1,NA,24,"LIQ26",26,"stimulus.ejs",""
"430","2.92.163.1",1421049416912,"17_3_exp","","M_Pl","HSElist3Dec12","exp","Ошибка!",10936,1,NA,25,"LIQ26",26,"stimulus.ejs",""
"431","2.92.163.1",1421049426930,"18_3_fill","","NM_Pauc","HSElist3Dec12","fill","Ошибка!",5097,1,NA,26,"LIQ26",26,"stimulus.ejs",""
"432","2.92.163.1",1421049435679,"19_3_fill","","NM_Pl","HSElist3Dec12","fill","Ошибка!",4572,1,NA,27,"LIQ26",26,"stimulus.ejs",""
"433","2.92.163.1",1421049446495,"20_3_exp","","NM_Sg","HSElist3Dec12","exp","Ошибка!",6130,1,NA,28,"LIQ26",26,"stimulus.ejs",""
"434","2.92.163.1",1421049457922,"21_3_exp","","M_Sg","HSElist3Dec12","exp","",NA,1,NA,29,"LIQ26",26,"stimulus.ejs",""
"435","2.92.163.1",1421049467348,"22_3_fill","","NM_Pauc","HSElist3Dec12","fill","Ошибка!",4663,1,NA,30,"LIQ26",26,"stimulus.ejs",""
"436","2.92.163.1",1421049478428,"23_3_exp","","NM_Pl","HSElist3Dec12","exp","Ошибка!",6164,1,NA,31,"LIQ26",26,"stimulus.ejs",""
"437","2.92.163.1",1421049488245,"24_3_fill","","M_Pl","HSElist3Dec12","fill","",NA,1,NA,32,"LIQ26",26,"stimulus.ejs",""
"438","2.92.163.1",1421049497346,"25_3_fill","","M_Pauc","HSElist3Dec12","fill","",NA,1,NA,33,"LIQ26",26,"stimulus.ejs",""
"439","2.92.163.1",1421049508148,"26_3_exp","","M_Pl","HSElist3Dec12","exp","",NA,1,NA,34,"LIQ26",26,"stimulus.ejs",""
"440","2.92.163.1",1421049519614,"27_3_exp","","NM_Sg","HSElist3Dec12","exp","Ошибка!",6337,1,NA,35,"LIQ26",26,"stimulus.ejs",""
"441","2.92.163.1",1421049530070,"28_3_fill","","M_Pl","HSElist3Dec12","fill","",NA,1,NA,36,"LIQ26",26,"stimulus.ejs",""
"442","2.92.163.1",1421049540581,"29_3_exp","","M_Sg","HSElist3Dec12","exp","Ошибка!",7550,1,NA,37,"LIQ26",26,"stimulus.ejs",""
"443","2.92.163.1",1421049551498,"30_3_fill","","NM_Pl","HSElist3Dec12","fill","Ошибка!",4997,1,NA,38,"LIQ26",26,"stimulus.ejs",""
"444","2.92.163.1",1421049561046,"31_3_fill","","NM_Pauc","HSElist3Dec12","fill","Ошибка!",5073,1,NA,39,"LIQ26",26,"stimulus.ejs",""
"445","2.92.163.1",1421049571810,"32_3_exp","","NM_Pl","HSElist3Dec12","exp","Ошибка!",6061,1,NA,40,"LIQ26",26,"stimulus.ejs",""
"446","2.92.163.1",1421049583792,"33_3_exp","","M_Pl","HSElist3Dec12","exp","Ошибка!",9393,1,NA,41,"LIQ26",26,"stimulus.ejs",""
"447","2.92.163.1",1421049593893,"34_3_fill","","NM_Pl","HSElist3Dec12","fill","Ошибка!",4517,1,NA,42,"LIQ26",26,"stimulus.ejs",""
"448","2.92.163.1",1421049604431,"35_3_exp","","NM_Sg","HSElist3Dec12","exp","Ошибка!",5796,1,NA,43,"LIQ26",26,"stimulus.ejs",""
"449","2.92.163.1",1421049615115,"36_3_fill","","M_Pauc","HSElist3Dec12","fill","",NA,1,NA,44,"LIQ26",26,"stimulus.ejs",""
"450","2.92.163.1",1421049625382,"37_3_fill","","M_Pl","HSElist3Dec12","fill","",NA,1,NA,45,"LIQ26",26,"stimulus.ejs",""
"451","2.92.163.1",1421049636314,"38_3_exp","","M_Sg","HSElist3Dec12","exp","",NA,1,NA,46,"LIQ26",26,"stimulus.ejs",""
"452","2.92.163.1",1421049647440,"39_3_exp","","NM_Pl","HSElist3Dec12","exp","Ошибка!",6126,1,NA,47,"LIQ26",26,"stimulus.ejs",""
"453","2.92.163.1",1421049656843,"40_3_fill","","M_Pauc","HSElist3Dec12","fill","",NA,1,NA,48,"LIQ26",26,"stimulus.ejs",""
"454","2.92.163.1",1421049668249,"41_3_exp","","M_Pl","HSElist3Dec12","exp","Ошибка!",7310,1,NA,49,"LIQ26",26,"stimulus.ejs",""
"455","2.92.163.1",1421049678600,"42_3_fill","","NM_Pauc","HSElist3Dec12","fill","Ошибка!",4963,1,NA,50,"LIQ26",26,"stimulus.ejs",""
"456","2.92.163.1",1421049689004,"43_3_fill","","NM_Pl","HSElist3Dec12","fill","Ошибка!",4614,1,NA,51,"LIQ26",26,"stimulus.ejs",""
"457","2.92.163.1",1421049699569,"44_3_exp","","NM_Sg","HSElist3Dec12","exp","Ошибка!",6101,1,NA,52,"LIQ26",26,"stimulus.ejs",""
"458","2.92.163.1",1421049711697,"45_3_exp","","M_Sg","HSElist3Dec12","exp","",NA,1,NA,53,"LIQ26",26,"stimulus.ejs",""
"459","2.92.163.1",1421049722028,"46_3_fill","","NM_Pauc","HSElist3Dec12","fill","Ошибка!",4826,1,NA,54,"LIQ26",26,"stimulus.ejs",""
"460","2.92.163.1",1421049732931,"47_3_exp","","NM_Pl","HSElist3Dec12","exp","Ошибка!",6109,1,NA,55,"LIQ26",26,"stimulus.ejs",""
"461","2.92.163.1",1421049742647,"48_3_fill","","M_Pl","HSElist3Dec12","fill","",NA,1,NA,56,"LIQ26",26,"stimulus.ejs",""
"462","2.92.163.1",1421049751863,"49_3_fill","","M_Pauc","HSElist3Dec12","fill","",NA,1,NA,57,"LIQ26",26,"stimulus.ejs",""
"463","2.92.163.1",1421049762686,"50_3_exp","","M_Pl","HSElist3Dec12","exp","",NA,1,NA,58,"LIQ26",26,"stimulus.ejs",""
"464","2.92.163.1",1421049774293,"51_3_exp","","NM_Sg","HSElist3Dec12","exp","Ошибка!",6240,1,NA,59,"LIQ26",26,"stimulus.ejs",""
"465","2.92.163.1",1421049783818,"52_3_fill","","M_Pl","HSElist3Dec12","fill","",NA,1,NA,60,"LIQ26",26,"stimulus.ejs",""
"466","2.92.163.1",1421049794720,"53_3_exp","","M_Sg","HSElist3Dec12","exp","",NA,1,NA,61,"LIQ26",26,"stimulus.ejs",""
"467","2.92.163.1",1421049804240,"54_3_fill","","NM_Pl","HSElist3Dec12","fill","Ошибка!",4937,1,NA,62,"LIQ26",26,"stimulus.ejs",""
"468","2.92.163.1",1421049813993,"55_3_fill","","NM_Pauc","HSElist3Dec12","fill","Ошибка!",4850,1,NA,63,"LIQ26",26,"stimulus.ejs",""
"469","2.92.163.1",1421049825120,"56_3_exp","","NM_Pl","HSElist3Dec12","exp","Ошибка!",5933,1,NA,64,"LIQ26",26,"stimulus.ejs",""
"470","2.92.163.1",1421049835825,"57_3_exp","","M_Pl","HSElist3Dec12","exp","",NA,1,NA,65,"LIQ26",26,"stimulus.ejs",""
"471","2.92.163.1",1421049844974,"58_3_fill","","NM_Pl","HSElist3Dec12","fill","Ошибка!",4454,1,NA,66,"LIQ26",26,"stimulus.ejs",""
"472","2.92.163.1",1421049856138,"59_3_exp","","NM_Sg","HSElist3Dec12","exp","Ошибка!",5723,1,NA,67,"LIQ26",26,"stimulus.ejs",""
"473","2.92.163.1",1421049865519,"60_3_fill","","M_Pauc","HSElist3Dec12","fill","",NA,1,NA,68,"LIQ26",26,"stimulus.ejs",""
"474","2.92.163.1",1421049875205,"61_3_fill","","M_Pl","HSElist3Dec12","fill","",NA,1,NA,69,"LIQ26",26,"stimulus.ejs",""
"475","2.92.163.1",1421049885774,"62_3_exp","","M_Sg","HSElist3Dec12","exp","",NA,1,NA,70,"LIQ26",26,"stimulus.ejs",""
"476","2.92.163.1",1421049896616,"63_3_exp","","NM_Pl","HSElist3Dec12","exp","Ошибка!",5861,1,NA,71,"LIQ26",26,"stimulus.ejs",""
"477","2.92.163.1",1421049905943,"64_3_fill","","NM_Pauc","HSElist3Dec12","fill","Ошибка!",5256,1,NA,72,"LIQ26",26,"stimulus.ejs",""
"478","2.92.163.1",1421049916115,"65_3_exp","","M_Pl","HSElist3Dec12","exp","",NA,1,NA,73,"LIQ26",26,"stimulus.ejs",""
"479","62.176.19.146",1421072097070,"undefined","","","HSElist3Dec12","","",NA,NA,NA,1,"ZLT27",27,"undefined",""
"480","62.176.19.146",1421072098236,"undefined","","","HSElist3Dec12","","",NA,NA,NA,2,"ZLT27",27,"undefined",""
"481","62.176.19.146",1421072107053,"undefined","","","HSElist3Dec12","","",NA,1,NA,3,"ZLT27",27,"undefined",""
"482","62.176.19.146",1421072116549,"undefined","","","HSElist3Dec12","","",NA,1,NA,4,"ZLT27",27,"undefined",""
"483","62.176.19.146",1421072125105,"undefined","","","HSElist3Dec12","","",NA,1,NA,5,"ZLT27",27,"undefined",""
"484","62.176.19.146",1421072136830,"undefined","","","HSElist3Dec12","","",NA,1,NA,6,"ZLT27",27,"undefined",""
"485","62.176.19.146",1421072145179,"undefined","","","HSElist3Dec12","","",NA,1,NA,7,"ZLT27",27,"undefined",""
"486","62.176.19.146",1421072156171,"1_3_fill","","M_Pauc","HSElist3Dec12","fill","",NA,1,NA,9,"ZLT27",27,"stimulus.ejs",""
"487","84.244.60.2",1421164559883,"undefined","","","HSElist3Dec12","","",NA,NA,NA,1,"WCP28",28,"undefined",""
"488","84.244.60.1",1421164565933,"undefined","","","HSElist3Dec12","","",NA,NA,NA,2,"WCP28",28,"undefined",""
"489","84.244.60.2",1421164575724,"undefined","","","HSElist3Dec12","","Ошибка!",7723,1,NA,3,"WCP28",28,"undefined",""
"490","84.244.60.3",1421164586337,"undefined","","","HSElist3Dec12","","Ошибка!",7494,1,NA,4,"WCP28",28,"undefined",""
"491","84.244.60.1",1421164596489,"undefined","","","HSElist3Dec12","","Ошибка!",7542,1,NA,5,"WCP28",28,"undefined",""
"492","84.244.60.1",1421164610064,"undefined","","","HSElist3Dec12","","",NA,1,NA,6,"WCP28",28,"undefined",""
"493","84.244.60.1",1421164621088,"undefined","","","HSElist3Dec12","","",NA,1,NA,7,"WCP28",28,"undefined",""
"494","84.244.60.1",1421164633845,"1_3_fill","","M_Pauc","HSElist3Dec12","fill","",NA,1,NA,9,"WCP28",28,"stimulus.ejs",""
"495","84.244.60.1",1421164645448,"2_3_exp","","M_Pl","HSElist3Dec12","exp","",NA,1,NA,10,"WCP28",28,"stimulus.ejs",""
"496","84.244.60.2",1421164658976,"3_3_exp","","NM_Sg","HSElist3Dec12","exp","Ошибка!",10459,1,NA,11,"WCP28",28,"stimulus.ejs",""
"497","84.244.60.1",1421164669278,"4_3_fill","","M_Pl","HSElist3Dec12","fill","",NA,1,NA,12,"WCP28",28,"stimulus.ejs",""
"498","84.244.60.1",1421164682393,"5_3_exp","","M_Sg","HSElist3Dec12","exp","",NA,1,NA,13,"WCP28",28,"stimulus.ejs",""
"499","84.244.60.1",1421164695873,"6_3_fill","","NM_Pl","HSElist3Dec12","fill","",NA,1,NA,14,"WCP28",28,"stimulus.ejs",""
"500","84.244.60.2",1421164708865,"7_3_fill","","NM_Pauc","HSElist3Dec12","fill","Ошибка!",6584,1,NA,15,"WCP28",28,"stimulus.ejs",""
"501","84.244.60.3",1421164721114,"8_3_exp","","NM_Pl","HSElist3Dec12","exp","Ошибка!",6796,1,NA,16,"WCP28",28,"stimulus.ejs",""
"502","212.13.112.18",1421239741323,"undefined","","","HSElist3Dec12","","",NA,NA,NA,1,"RNI29",29,"undefined",""
"503","212.13.112.18",1421239802711,"undefined","","","HSElist3Dec12","","",NA,NA,NA,1,"TFJ30",30,"undefined",""
"504","212.13.112.18",1421239804119,"undefined","","","HSElist3Dec12","","",NA,NA,NA,2,"TFJ30",30,"undefined",""
"505","109.173.60.15",1421250931371,"","","","HSElist3Dec12","","",NA,NA,NA,1,"JTV31",31,"undefined","undefined"
"506","109.173.60.15",1421250937016,"","","","HSElist3Dec12","","",NA,NA,NA,2,"JTV31",31,"undefined","undefined"
"507","109.173.60.15",1421250952139,"","","","HSElist3Dec12","","",NA,1,NA,3,"JTV31",31,"undefined","undefined"
"508","109.173.60.15",1421250963854,"","","","HSElist3Dec12","","",NA,1,NA,4,"JTV31",31,"undefined","undefined"
"509","109.173.60.15",1421250976458,"","","","HSElist3Dec12","","Ошибка!",5044,1,NA,5,"JTV31",31,"undefined","undefined"
"510","188.255.112.140",1421356999494,"undefined","","","HSElist3Dec12","","",NA,NA,NA,1,"OOO32",32,"undefined",""
"511","188.255.112.140",1421357005810,"undefined","","","HSElist3Dec12","","",NA,NA,NA,2,"OOO32",32,"undefined",""
"512","188.255.112.140",1421357015067,"undefined","","","HSElist3Dec12","","",NA,1,NA,3,"OOO32",32,"undefined",""
"513","188.255.112.140",1421357026045,"undefined","","","HSElist3Dec12","","Ошибка!",3059,1,NA,4,"OOO32",32,"undefined",""
"514","188.255.112.140",1421357035381,"undefined","","","HSElist3Dec12","","Ошибка!",3560,1,NA,5,"OOO32",32,"undefined",""
"515","188.255.112.140",1421357047758,"undefined","","","HSElist3Dec12","","",NA,1,NA,6,"OOO32",32,"undefined",""
"516","188.255.112.140",1421357056757,"undefined","","","HSElist3Dec12","","Ошибка!",2880,1,NA,7,"OOO32",32,"undefined",""
"517","188.123.231.9",1421362522135,"undefined","","","HSElist3Dec12","","",NA,NA,NA,1,"AXH32",32,"undefined",""
"518","188.255.112.140",1421357069007,"undefined","","","HSElist3Dec12","","",NA,NA,NA,1,"HFK33",33,"undefined",""
"519","188.255.112.140",1421357069501,"undefined","","","HSElist3Dec12","","",NA,NA,NA,2,"HFK33",33,"undefined",""
"520","188.255.112.140",1421357077804,"undefined","","","HSElist3Dec12","","",NA,1,NA,3,"HFK33",33,"undefined",""
"521","188.255.112.140",1421357087054,"undefined","","","HSElist3Dec12","","Ошибка!",2530,1,NA,4,"HFK33",33,"undefined",""
"522","188.255.112.140",1421357096104,"undefined","","","HSElist3Dec12","","Ошибка!",2612,1,NA,5,"HFK33",33,"undefined",""
"523","188.255.112.140",1421357107814,"undefined","","","HSElist3Dec12","","",NA,1,NA,6,"HFK33",33,"undefined",""
"524","188.255.112.140",1421357116160,"undefined","","","HSElist3Dec12","","Ошибка!",2742,1,NA,7,"HFK33",33,"undefined",""
"525","188.255.112.140",1421357127060,"1_3_fill","","M_Pauc","HSElist3Dec12","fill","",NA,1,NA,9,"HFK33",33,"stimulus.ejs",""
"526","188.255.112.140",1421357139874,"2_3_exp","","M_Pl","HSElist3Dec12","exp","",NA,1,NA,10,"HFK33",33,"stimulus.ejs",""
"527","188.255.112.140",1421357152056,"3_3_exp","","NM_Sg","HSElist3Dec12","exp","Ошибка!",5470,1,NA,11,"HFK33",33,"stimulus.ejs",""
"528","188.255.112.140",1421357162583,"4_3_fill","","M_Pl","HSElist3Dec12","fill","Ошибка!",7113,1,NA,12,"HFK33",33,"stimulus.ejs",""
"529","188.255.112.140",1421357175059,"5_3_exp","","M_Sg","HSElist3Dec12","exp","",NA,1,NA,13,"HFK33",33,"stimulus.ejs",""
"530","188.255.112.140",1421357188062,"6_3_fill","","NM_Pl","HSElist3Dec12","fill","Ошибка!",4106,1,NA,14,"HFK33",33,"stimulus.ejs",""
"531","188.255.112.140",1421357270054,"7_3_fill","","NM_Pauc","HSElist3Dec12","fill","Ошибка!",4670,1,NA,15,"HFK33",33,"stimulus.ejs",""
"532","188.255.112.140",1421357282760,"8_3_exp","","NM_Pl","HSElist3Dec12","exp","Ошибка!",5513,1,NA,16,"HFK33",33,"stimulus.ejs",""
"533","188.255.112.140",1421357295833,"9_3_exp","","M_Pl","HSElist3Dec12","exp","",NA,1,NA,17,"HFK33",33,"stimulus.ejs",""
"534","188.255.112.140",1421357308061,"10_3_fill","","NM_Pl","HSElist3Dec12","fill","Ошибка!",4343,1,NA,18,"HFK33",33,"stimulus.ejs",""
"535","188.255.112.140",1421357350809,"11_3_exp","","NM_Sg","HSElist3Dec12","exp","Ошибка!",6347,1,NA,19,"HFK33",33,"stimulus.ejs",""
"536","188.255.112.140",1421357361800,"12_3_fill","","M_Pauc","HSElist3Dec12","fill","",NA,1,NA,20,"HFK33",33,"stimulus.ejs",""
"537","188.255.112.140",1421357371901,"13_3_fill","","M_Pl","HSElist3Dec12","fill","",NA,1,NA,21,"HFK33",33,"stimulus.ejs",""
"538","188.255.112.140",1421357383619,"14_3_exp","","M_Sg","HSElist3Dec12","exp","",NA,1,NA,22,"HFK33",33,"stimulus.ejs",""
"539","188.255.112.140",1421357394138,"15_3_exp","","NM_Pl","HSElist3Dec12","exp","Ошибка!",5576,1,NA,23,"HFK33",33,"stimulus.ejs",""
"540","188.255.112.140",1421357404905,"16_3_fill","","M_Pauc","HSElist3Dec12","fill","Ошибка!",2961,1,NA,24,"HFK33",33,"stimulus.ejs",""
"541","188.255.112.140",1421357417260,"17_3_exp","","M_Pl","HSElist3Dec12","exp","",NA,1,NA,25,"HFK33",33,"stimulus.ejs",""
"542","109.173.60.15",1421387707184,"","","","HSElist3Dec12","","",NA,NA,NA,1,"NUE34",34,"undefined","undefined"
"543","109.173.60.15",1421387714373,"","","","HSElist3Dec12","","",NA,NA,NA,2,"NUE34",34,"undefined","undefined"
"544","109.173.60.15",1421387742545,"","","","HSElist3Dec12","","",NA,1,NA,3,"NUE34",34,"undefined","undefined"
"545","109.173.60.15",1421387753039,"","","","HSElist3Dec12","","Ошибка!",3606,1,NA,4,"NUE34",34,"undefined","undefined"
"546","109.173.60.15",1421387767036,"","","","HSElist3Dec12","","Ошибка!",4700,1,NA,5,"NUE34",34,"undefined","undefined"
"547","109.173.60.15",1421387780506,"","","","HSElist3Dec12","","",NA,1,NA,6,"NUE34",34,"undefined","undefined"
"548","109.173.60.15",1421387790961,"","","","HSElist3Dec12","","Ошибка!",5624,1,NA,7,"NUE34",34,"undefined","undefined"
"549","109.173.60.15",1421387991917,"","","","HSElist3Dec12","","",NA,NA,NA,1,"BKZ35",35,"undefined","undefined"
"550","109.173.60.15",1421387995006,"","","","HSElist3Dec12","","",NA,NA,NA,2,"BKZ35",35,"undefined","undefined"
"551","109.173.60.15",1421388005949,"","","","HSElist3Dec12","","",NA,1,NA,3,"BKZ35",35,"undefined","undefined"
"552","109.173.60.15",1421388021124,"","","","HSElist3Dec12","","Ошибка!",7404,1,NA,4,"BKZ35",35,"undefined","undefined"
"553","109.173.60.15",1421388035802,"","","","HSElist3Dec12","","Ошибка!",5558,1,NA,5,"BKZ35",35,"undefined","undefined"
"554","109.173.60.15",1421388052309,"","","","HSElist3Dec12","","",NA,1,NA,6,"BKZ35",35,"undefined","undefined"
"555","109.173.60.15",1421388070080,"","","","HSElist3Dec12","","Ошибка!",545,1,NA,7,"BKZ35",35,"undefined","undefined"
"556","77.51.168.132",1421426692257,"undefined","","","HSElist3Dec12","","",NA,NA,NA,1,"MTW36",36,"undefined",""
"557","77.51.168.132",1421426785276,"undefined","","","HSElist3Dec12","","",NA,1,NA,3,"MTW36",36,"undefined",""
"558","77.51.168.132",1421426748204,"undefined","","","HSElist3Dec12","","",NA,NA,NA,2,"MTW36",36,"undefined",""
"559","77.51.168.132",1421426812173,"undefined","","","HSElist3Dec12","","Ошибка!",6371,1,NA,5,"MTW36",36,"undefined",""
"560","77.51.168.132",1421426835152,"undefined","","","HSElist3Dec12","","Ошибка!",5317,1,NA,7,"MTW36",36,"undefined",""
"561","77.51.168.132",1421426825266,"undefined","","","HSElist3Dec12","","",NA,1,NA,6,"MTW36",36,"undefined",""
"562","77.51.168.132",1421426848987,"1_3_fill","","M_Pauc","HSElist3Dec12","fill","",NA,1,NA,9,"MTW36",36,"stimulus.ejs",""
"563","77.51.168.132",1421427356553,"undefined","","","HSElist3Dec12","","",NA,NA,NA,2,"FEJ37",37,"undefined",""
"564","77.51.168.132",1421427374681,"undefined","","","HSElist3Dec12","","Ошибка!",2934,1,NA,4,"FEJ37",37,"undefined",""
"565","77.51.168.132",1421427395447,"undefined","","","HSElist3Dec12","","",NA,1,NA,6,"FEJ37",37,"undefined",""
"566","77.51.168.132",1421427414973,"1_3_fill","","M_Pauc","HSElist3Dec12","fill","",NA,1,NA,9,"FEJ37",37,"stimulus.ejs",""
"567","77.51.168.132",1421427444240,"3_3_exp","","NM_Sg","HSElist3Dec12","exp","Ошибка!",10864,1,NA,11,"FEJ37",37,"stimulus.ejs",""
"568","77.51.168.132",1421427467879,"5_3_exp","","M_Sg","HSElist3Dec12","exp","Ошибка!",10849,1,NA,13,"FEJ37",37,"stimulus.ejs",""
"569","77.51.168.132",1421427478906,"6_3_fill","","NM_Pl","HSElist3Dec12","fill","",NA,1,NA,14,"FEJ37",37,"stimulus.ejs",""
"570","77.51.168.132",1421427491569,"7_3_fill","","NM_Pauc","HSElist3Dec12","fill","Ошибка!",6880,1,NA,15,"FEJ37",37,"stimulus.ejs",""
"571","77.51.168.132",1421427502648,"8_3_exp","","NM_Pl","HSElist3Dec12","exp","Ошибка!",9961,1,NA,16,"FEJ37",37,"stimulus.ejs",""
"572","77.51.168.132",1421427514550,"9_3_exp","","M_Pl","HSElist3Dec12","exp","",NA,1,NA,17,"FEJ37",37,"stimulus.ejs",""
"573","77.51.168.132",1421427527460,"10_3_fill","","NM_Pl","HSElist3Dec12","fill","Ошибка!",8729,1,NA,18,"FEJ37",37,"stimulus.ejs",""
"574","77.51.168.132",1421427539531,"11_3_exp","","NM_Sg","HSElist3Dec12","exp","Ошибка!",8910,1,NA,19,"FEJ37",37,"stimulus.ejs",""
"575","77.51.168.132",1421427550449,"12_3_fill","","M_Pauc","HSElist3Dec12","fill","",NA,1,NA,20,"FEJ37",37,"stimulus.ejs",""
"576","77.51.168.132",1421427561668,"13_3_fill","","M_Pl","HSElist3Dec12","fill","",NA,1,NA,21,"FEJ37",37,"stimulus.ejs",""
"577","77.51.168.132",1421427575245,"14_3_exp","","M_Sg","HSElist3Dec12","exp","",NA,1,NA,22,"FEJ37",37,"stimulus.ejs",""
"578","77.51.168.132",1421427587803,"15_3_exp","","NM_Pl","HSElist3Dec12","exp","Ошибка!",8313,1,NA,23,"FEJ37",37,"stimulus.ejs",""
"579","77.51.168.132",1421427600926,"16_3_fill","","M_Pauc","HSElist3Dec12","fill","",NA,1,NA,24,"FEJ37",37,"stimulus.ejs",""
"580","77.51.168.132",1421427614071,"17_3_exp","","M_Pl","HSElist3Dec12","exp","",NA,1,NA,25,"FEJ37",37,"stimulus.ejs",""
"581","77.51.168.132",1421427625939,"18_3_fill","","NM_Pauc","HSElist3Dec12","fill","",NA,1,NA,26,"FEJ37",37,"stimulus.ejs",""
"582","77.51.168.132",1421427354435,"undefined","","","HSElist3Dec12","","",NA,NA,NA,1,"FEJ37",37,"undefined",""
"583","77.51.168.132",1421427365570,"undefined","","","HSElist3Dec12","","",NA,1,NA,3,"FEJ37",37,"undefined",""
